variant,resolution,seed,case,n_nodes,n_chunks,mesh_L,U_he,div_pred,div_true,div_analytical,helm_pred,helm_true
leak_dir_only,1x,777,wm_028_R16p9_L170p9_a11p3,23120,1,0.0014065658923776761,0.0198831669986248,0.06486248970031738,0.00023449760919902474,0.0,0.017520668085799145,0.0010013014057569968
leak_dir_only,1x,777,wm_029_R15p7_L140p1_a07p1,23120,1,0.0013109133537489777,0.01276966743171215,0.08754406124353409,0.00012306416465435177,0.0,0.029507331897972024,0.00018182449506672356
leak_dir_only,1x,777,wm_030_R16p8_L186p3_a07p9,23120,1,0.0014039708374346536,0.01066726166754961,0.14868968725204468,0.00013111934822518378,0.0,0.028981777228319277,0.0005218220544174771
leak_dir_only,1x,777,wm_031_R09p4_L239p5_a10p9,23120,1,0.0007827705821687758,0.03888924792408943,0.017767256125807762,6.745892733306391e-08,0.0,nan,nan
leak_dir_only,1x,777,wm_032_R12p2_L282p2_a06p3,23120,1,0.0010199205610202091,0.029478538781404495,0.0970277488231659,4.0735827155913285e-07,0.0,nan,nan
leak_dir_only,1x,777,wm_033_R16p9_L167p1_a02p1,23120,1,0.0014091495568184552,0.4960843026638031,0.004124969244003296,0.0001027116522891447,0.0,0.03271401262806217,9.970049329439686e-05
leak_dir_only,1x,1337,wm_028_R16p9_L170p9_a11p3,23120,1,0.0014065658923776761,0.0198831669986248,0.06197308376431465,0.00023449760919902474,0.0,0.015050078735911554,0.0010013014057569968
leak_dir_only,1x,1337,wm_029_R15p7_L140p1_a07p1,23120,1,0.0013109133537489777,0.01276966743171215,0.14737434685230255,0.00012306416465435177,0.0,0.03689044750063226,0.00018182449506672356
leak_dir_only,1x,1337,wm_030_R16p8_L186p3_a07p9,23120,1,0.0014039708374346536,0.01066726166754961,0.11588162183761597,0.00013111934822518378,0.0,0.023958322258120678,0.0005218220544174771
leak_dir_only,1x,1337,wm_031_R09p4_L239p5_a10p9,23120,1,0.0007827705821687758,0.03888924792408943,0.0233265683054924,6.745892733306391e-08,0.0,nan,nan
leak_dir_only,1x,1337,wm_032_R12p2_L282p2_a06p3,23120,1,0.0010199205610202091,0.029478538781404495,0.08664915710687637,4.0735827155913285e-07,0.0,nan,nan
leak_dir_only,1x,1337,wm_033_R16p9_L167p1_a02p1,23120,1,0.0014091495568184552,0.4960843026638031,0.0029040370136499405,0.0001027116522891447,0.0,0.011521089050942259,9.970049329439686e-05
leak_dir_only,1x,2026,wm_028_R16p9_L170p9_a11p3,23120,1,0.0014065658923776761,0.0198831669986248,0.0804872140288353,0.00023449760919902474,0.0,0.023178050508687632,0.0010013014057569968
leak_dir_only,1x,2026,wm_029_R15p7_L140p1_a07p1,23120,1,0.0013109133537489777,0.01276966743171215,0.15508969128131866,0.00012306416465435177,0.0,0.04511712820128241,0.00018182449506672356
leak_dir_only,1x,2026,wm_030_R16p8_L186p3_a07p9,23120,1,0.0014039708374346536,0.01066726166754961,0.12159917503595352,0.00013111934822518378,0.0,0.0329413790444677,0.0005218220544174771
leak_dir_only,1x,2026,wm_031_R09p4_L239p5_a10p9,23120,1,0.0007827705821687758,0.03888924792408943,0.023984583094716072,6.745892733306391e-08,0.0,nan,nan
leak_dir_only,1x,2026,wm_032_R12p2_L282p2_a06p3,23120,1,0.0010199205610202091,0.029478538781404495,0.08109750598669052,4.0735827155913285e-07,0.0,nan,nan
leak_dir_only,1x,2026,wm_033_R16p9_L167p1_a02p1,23120,1,0.0014091495568184552,0.4960843026638031,0.004046157468110323,0.0001027116522891447,0.0,0.020389592760832683,9.970049329439686e-05
leak_dir_only,2x,777,wm_028_R16p9_L170p9_a11p3,184480,1,0.0007032820826633127,0.020390992984175682,0.017006611451506615,1.3378687981457915e-05,0.0,nan,nan
leak_dir_only,2x,777,wm_029_R15p7_L140p1_a07p1,184480,1,0.0006554561848187633,0.012784822843968868,0.02497727982699871,1.0730667781899683e-05,0.0,nan,nan
leak_dir_only,2x,777,wm_030_R16p8_L186p3_a07p9,184480,1,0.0007019844913098327,0.010819370858371258,0.04245295003056526,6.8721069510502275e-06,0.0,nan,nan
leak_dir_only,2x,777,wm_031_R09p4_L239p5_a10p9,184480,1,0.0003913846302569458,0.03902824595570564,0.0040107909590005875,1.7260020968024037e-08,0.0,nan,nan
leak_dir_only,2x,777,wm_032_R12p2_L282p2_a06p3,184480,1,0.0005099590339922747,0.03107747994363308,0.020807474851608276,4.941882636444461e-08,0.0,nan,nan
leak_dir_only,2x,777,wm_033_R16p9_L167p1_a02p1,184480,1,0.0007045739679166213,0.5033658742904663,0.0010379545856267214,1.075494583346881e-05,0.0,nan,nan
leak_dir_only,2x,1337,wm_028_R16p9_L170p9_a11p3,184480,1,0.0007032820826633127,0.020390992984175682,0.016095547005534172,1.3378687981457915e-05,0.0,nan,nan
leak_dir_only,2x,1337,wm_029_R15p7_L140p1_a07p1,184480,1,0.0006554561848187633,0.012784822843968868,0.04427606984972954,1.0730667781899683e-05,0.0,nan,nan
leak_dir_only,2x,1337,wm_030_R16p8_L186p3_a07p9,184480,1,0.0007019844913098327,0.010819370858371258,0.03322867676615715,6.8721069510502275e-06,0.0,nan,nan
leak_dir_only,2x,1337,wm_031_R09p4_L239p5_a10p9,184480,1,0.0003913846302569458,0.03902824595570564,0.0052782269194722176,1.7260020968024037e-08,0.0,nan,nan
leak_dir_only,2x,1337,wm_032_R12p2_L282p2_a06p3,184480,1,0.0005099590339922747,0.03107747994363308,0.018271928653120995,4.941882636444461e-08,0.0,nan,nan
leak_dir_only,2x,1337,wm_033_R16p9_L167p1_a02p1,184480,1,0.0007045739679166213,0.5033658742904663,0.000975987350102514,1.075494583346881e-05,0.0,nan,nan
leak_dir_only,2x,2026,wm_028_R16p9_L170p9_a11p3,184480,1,0.0007032820826633127,0.020390992984175682,0.01975993625819683,1.3378687981457915e-05,0.0,nan,nan
leak_dir_only,2x,2026,wm_029_R15p7_L140p1_a07p1,184480,1,0.0006554561848187633,0.012784822843968868,0.046019766479730606,1.0730667781899683e-05,0.0,nan,nan
leak_dir_only,2x,2026,wm_030_R16p8_L186p3_a07p9,184480,1,0.0007019844913098327,0.010819370858371258,0.0407598651945591,6.8721069510502275e-06,0.0,nan,nan
leak_dir_only,2x,2026,wm_031_R09p4_L239p5_a10p9,184480,1,0.0003913846302569458,0.03902824595570564,0.004881043918430805,1.7260020968024037e-08,0.0,nan,nan
leak_dir_only,2x,2026,wm_032_R12p2_L282p2_a06p3,184480,1,0.0005099590339922747,0.03107747994363308,0.016289349645376205,4.941882636444461e-08,0.0,nan,nan
leak_dir_only,2x,2026,wm_033_R16p9_L167p1_a02p1,184480,1,0.0007045739679166213,0.5033658742904663,0.0011474988423287868,1.075494583346881e-05,0.0,nan,nan
leak_dir_only,4x,777,wm_028_R16p9_L170p9_a11p3,1474880,6,0.0003516401990481285,0.020370087347497123,0.003569909397953469,2.996110700639002e-06,0.0,nan,1.563433592969482e-05
leak_dir_only,4x,777,wm_029_R15p7_L140p1_a07p1,1474880,6,0.0003277275482190352,0.012784953960216503,0.011322295276744058,1.8958840255480707e-06,0.0,nan,nan
leak_dir_only,4x,777,wm_030_R16p8_L186p3_a07p9,1474880,6,0.0003509913694044737,0.010799693218342598,0.009848730007271968,1.2654479673387065e-06,0.0,nan,nan
leak_dir_only,4x,777,wm_031_R09p4_L239p5_a10p9,1474880,6,0.00019569161991617957,0.0390050690437886,0.00068386708325855,4.770556228033033e-09,0.0,nan,nan
leak_dir_only,4x,777,wm_032_R12p2_L282p2_a06p3,1474880,6,0.0002549778620896646,0.03101596259779249,0.004252491036901338,1.311838712818254e-08,0.0,nan,nan
leak_dir_only,4x,777,wm_033_R16p9_L167p1_a02p1,1474880,6,0.0003522860684375669,0.5046759263311656,0.00022065719938372673,1.6372781207616755e-06,0.0,nan,nan
leak_dir_only,4x,1337,wm_028_R16p9_L170p9_a11p3,1474880,6,0.0003516401990481285,0.020370087347497123,0.003373533241209753,2.996110700639002e-06,0.0,nan,1.563433592969482e-05
leak_dir_only,4x,1337,wm_029_R15p7_L140p1_a07p1,1474880,6,0.0003277275482190352,0.012784953960216503,0.009180216295919105,1.8958840255480707e-06,0.0,nan,nan
leak_dir_only,4x,1337,wm_030_R16p8_L186p3_a07p9,1474880,6,0.0003509913694044737,0.010799693218342598,0.007086889340608087,1.2654479673387065e-06,0.0,nan,nan
leak_dir_only,4x,1337,wm_031_R09p4_L239p5_a10p9,1474880,6,0.00019569161991617957,0.0390050690437886,0.0008539041144415941,4.770556228033033e-09,0.0,nan,nan
leak_dir_only,4x,1337,wm_032_R12p2_L282p2_a06p3,1474880,6,0.0002549778620896646,0.03101596259779249,0.0032819827441963947,1.311838712818254e-08,0.0,nan,nan
leak_dir_only,4x,1337,wm_033_R16p9_L167p1_a02p1,1474880,6,0.0003522860684375669,0.5046759263311656,0.0002152281049301194,1.6372781207616755e-06,0.0,nan,nan
leak_dir_only,4x,2026,wm_028_R16p9_L170p9_a11p3,1474880,6,0.0003516401990481285,0.020370087347497123,0.003927684879335336,2.996110700639002e-06,0.0,nan,1.563433592969482e-05
leak_dir_only,4x,2026,wm_029_R15p7_L140p1_a07p1,1474880,6,0.0003277275482190352,0.012784953960216503,0.01185671992110055,1.8958840255480707e-06,0.0,nan,nan
leak_dir_only,4x,2026,wm_030_R16p8_L186p3_a07p9,1474880,6,0.0003509913694044737,0.010799693218342598,0.009601199025287811,1.2654479673387065e-06,0.0,nan,nan
leak_dir_only,4x,2026,wm_031_R09p4_L239p5_a10p9,1474880,6,0.00019569161991617957,0.0390050690437886,0.0008737276824987882,4.770556228033033e-09,0.0,nan,nan
leak_dir_only,4x,2026,wm_032_R12p2_L282p2_a06p3,1474880,6,0.0002549778620896646,0.03101596259779249,0.0030686919585674335,1.311838712818254e-08,0.0,nan,nan
leak_dir_only,4x,2026,wm_033_R16p9_L167p1_a02p1,1474880,6,0.0003522860684375669,0.5046759263311656,0.00024256645217352925,1.6372781207616755e-06,0.0,nan,nan
leak_mag_only,1x,777,wm_028_R16p9_L170p9_a11p3,23120,1,0.0014065658923776761,0.0198831669986248,0.09309996664524078,0.00023449760919902474,0.0,0.03984250783457297,0.0010013014057569968
leak_mag_only,1x,777,wm_029_R15p7_L140p1_a07p1,23120,1,0.0013109133537489777,0.01276966743171215,0.1289462149143219,0.00012306416465435177,0.0,0.06015772612216281,0.00018182449506672356
leak_mag_only,1x,777,wm_030_R16p8_L186p3_a07p9,23120,1,0.0014039708374346536,0.01066726166754961,0.1702432930469513,0.00013111934822518378,0.0,0.023437096911750936,0.0005218220544174771
leak_mag_only,1x,777,wm_031_R09p4_L239p5_a10p9,23120,1,0.0007827705821687758,0.03888924792408943,0.020836377516388893,6.745892733306391e-08,0.0,nan,nan
leak_mag_only,1x,777,wm_032_R12p2_L282p2_a06p3,23120,1,0.0010199205610202091,0.029478538781404495,0.059081073850393295,4.0735827155913285e-07,0.0,nan,nan
leak_mag_only,1x,777,wm_033_R16p9_L167p1_a02p1,23120,1,0.0014091495568184552,0.4960843026638031,0.004836506675928831,0.0001027116522891447,0.0,0.02954952281205956,9.970049329439686e-05
leak_mag_only,1x,1337,wm_028_R16p9_L170p9_a11p3,23120,1,0.0014065658923776761,0.0198831669986248,0.07336217164993286,0.00023449760919902474,0.0,0.06453363174303557,0.0010013014057569968
leak_mag_only,1x,1337,wm_029_R15p7_L140p1_a07p1,23120,1,0.0013109133537489777,0.01276966743171215,0.1407002955675125,0.00012306416465435177,0.0,0.07716668612203681,0.00018182449506672356
leak_mag_only,1x,1337,wm_030_R16p8_L186p3_a07p9,23120,1,0.0014039708374346536,0.01066726166754961,0.11022825539112091,0.00013111934822518378,0.0,0.03567967294217103,0.0005218220544174771
leak_mag_only,1x,1337,wm_031_R09p4_L239p5_a10p9,23120,1,0.0007827705821687758,0.03888924792408943,0.02226758562028408,6.745892733306391e-08,0.0,nan,nan
leak_mag_only,1x,1337,wm_032_R12p2_L282p2_a06p3,23120,1,0.0010199205610202091,0.029478538781404495,0.052559249103069305,4.0735827155913285e-07,0.0,nan,nan
leak_mag_only,1x,1337,wm_033_R16p9_L167p1_a02p1,23120,1,0.0014091495568184552,0.4960843026638031,0.003926252480596304,0.0001027116522891447,0.0,0.06803640713598183,9.970049329439686e-05
leak_mag_only,1x,2026,wm_028_R16p9_L170p9_a11p3,23120,1,0.0014065658923776761,0.0198831669986248,0.8784089088439941,0.00023449760919902474,0.0,0.06422442607122777,0.0010013014057569968
leak_mag_only,1x,2026,wm_029_R15p7_L140p1_a07p1,23120,1,0.0013109133537489777,0.01276966743171215,0.7390430569648743,0.00012306416465435177,0.0,0.05829499581471958,0.00018182449506672356
leak_mag_only,1x,2026,wm_030_R16p8_L186p3_a07p9,23120,1,0.0014039708374346536,0.01066726166754961,1.1938382387161255,0.00013111934822518378,0.0,0.06336157361818115,0.0005218220544174771
leak_mag_only,1x,2026,wm_031_R09p4_L239p5_a10p9,23120,1,0.0007827705821687758,0.03888924792408943,0.2178255021572113,6.745892733306391e-08,0.0,nan,nan
leak_mag_only,1x,2026,wm_032_R12p2_L282p2_a06p3,23120,1,0.0010199205610202091,0.029478538781404495,0.2350216507911682,4.0735827155913285e-07,0.0,nan,nan
leak_mag_only,1x,2026,wm_033_R16p9_L167p1_a02p1,23120,1,0.0014091495568184552,0.4960843026638031,0.033168449997901917,0.0001027116522891447,0.0,0.06218424072170089,9.970049329439686e-05
leak_mag_only,2x,777,wm_028_R16p9_L170p9_a11p3,184480,1,0.0007032820826633127,0.020390992984175682,0.03837466239929199,1.3378687981457915e-05,0.0,nan,nan
leak_mag_only,2x,777,wm_029_R15p7_L140p1_a07p1,184480,1,0.0006554561848187633,0.012784822843968868,0.03987984359264374,1.0730667781899683e-05,0.0,nan,nan
leak_mag_only,2x,777,wm_030_R16p8_L186p3_a07p9,184480,1,0.0007019844913098327,0.010819370858371258,0.0485260933637619,6.8721069510502275e-06,0.0,nan,nan
leak_mag_only,2x,777,wm_031_R09p4_L239p5_a10p9,184480,1,0.0003913846302569458,0.03902824595570564,0.003772658994421363,1.7260020968024037e-08,0.0,nan,nan
leak_mag_only,2x,777,wm_032_R12p2_L282p2_a06p3,184480,1,0.0005099590339922747,0.03107747994363308,0.0146316047757864,4.941882636444461e-08,0.0,nan,nan
leak_mag_only,2x,777,wm_033_R16p9_L167p1_a02p1,184480,1,0.0007045739679166213,0.5033658742904663,0.0012934664264321327,1.075494583346881e-05,0.0,nan,nan
leak_mag_only,2x,1337,wm_028_R16p9_L170p9_a11p3,184480,1,0.0007032820826633127,0.020390992984175682,0.026589365676045418,1.3378687981457915e-05,0.0,nan,nan
leak_mag_only,2x,1337,wm_029_R15p7_L140p1_a07p1,184480,1,0.0006554561848187633,0.012784822843968868,0.05245290324091911,1.0730667781899683e-05,0.0,nan,nan
leak_mag_only,2x,1337,wm_030_R16p8_L186p3_a07p9,184480,1,0.0007019844913098327,0.010819370858371258,0.041928261518478394,6.8721069510502275e-06,0.0,nan,nan
leak_mag_only,2x,1337,wm_031_R09p4_L239p5_a10p9,184480,1,0.0003913846302569458,0.03902824595570564,0.004360046703368425,1.7260020968024037e-08,0.0,nan,nan
leak_mag_only,2x,1337,wm_032_R12p2_L282p2_a06p3,184480,1,0.0005099590339922747,0.03107747994363308,0.012886189855635166,4.941882636444461e-08,0.0,nan,nan
leak_mag_only,2x,1337,wm_033_R16p9_L167p1_a02p1,184480,1,0.0007045739679166213,0.5033658742904663,0.0010697228135541081,1.075494583346881e-05,0.0,nan,nan
leak_mag_only,2x,2026,wm_028_R16p9_L170p9_a11p3,184480,1,0.0007032820826633127,0.020390992984175682,0.24036940932273865,1.3378687981457915e-05,0.0,nan,nan
leak_mag_only,2x,2026,wm_029_R15p7_L140p1_a07p1,184480,1,0.0006554561848187633,0.012784822843968868,0.1930609792470932,1.0730667781899683e-05,0.0,nan,nan
leak_mag_only,2x,2026,wm_030_R16p8_L186p3_a07p9,184480,1,0.0007019844913098327,0.010819370858371258,0.32813188433647156,6.8721069510502275e-06,0.0,nan,nan
leak_mag_only,2x,2026,wm_031_R09p4_L239p5_a10p9,184480,1,0.0003913846302569458,0.03902824595570564,0.04060440883040428,1.7260020968024037e-08,0.0,nan,nan
leak_mag_only,2x,2026,wm_032_R12p2_L282p2_a06p3,184480,1,0.0005099590339922747,0.03107747994363308,0.05195171758532524,4.941882636444461e-08,0.0,nan,nan
leak_mag_only,2x,2026,wm_033_R16p9_L167p1_a02p1,184480,1,0.0007045739679166213,0.5033658742904663,0.008850672282278538,1.075494583346881e-05,0.0,nan,nan
leak_mag_only,4x,777,wm_028_R16p9_L170p9_a11p3,1474880,6,0.0003516401990481285,0.020370087347497123,0.00942373007982507,2.996110700639002e-06,0.0,nan,1.563433592969482e-05
leak_mag_only,4x,777,wm_029_R15p7_L140p1_a07p1,1474880,6,0.0003277275482190352,0.012784953960216503,0.009883736954362633,1.8958840255480707e-06,0.0,nan,nan
leak_mag_only,4x,777,wm_030_R16p8_L186p3_a07p9,1474880,6,0.0003509913694044737,0.010799693218342598,0.011337452508309398,1.2654479673387065e-06,0.0,nan,nan
leak_mag_only,4x,777,wm_031_R09p4_L239p5_a10p9,1474880,6,0.00019569161991617957,0.0390050690437886,0.000875976100255643,4.770556228033033e-09,0.0,nan,nan
leak_mag_only,4x,777,wm_032_R12p2_L282p2_a06p3,1474880,6,0.0002549778620896646,0.03101596259779249,0.002826239947576729,1.311838712818254e-08,0.0,nan,nan
leak_mag_only,4x,777,wm_033_R16p9_L167p1_a02p1,1474880,6,0.0003522860684375669,0.5046759263311656,0.0002704623539514133,1.6372781207616755e-06,0.0,nan,nan
leak_mag_only,4x,1337,wm_028_R16p9_L170p9_a11p3,1474880,6,0.0003516401990481285,0.020370087347497123,0.0059897036924784885,2.996110700639002e-06,0.0,nan,1.563433592969482e-05
leak_mag_only,4x,1337,wm_029_R15p7_L140p1_a07p1,1474880,6,0.0003277275482190352,0.012784953960216503,0.011223153718626476,1.8958840255480707e-06,0.0,nan,nan
leak_mag_only,4x,1337,wm_030_R16p8_L186p3_a07p9,1474880,6,0.0003509913694044737,0.010799693218342598,0.010095402706165173,1.2654479673387065e-06,0.0,nan,nan
leak_mag_only,4x,1337,wm_031_R09p4_L239p5_a10p9,1474880,6,0.00019569161991617957,0.0390050690437886,0.0007258167008321659,4.770556228033033e-09,0.0,nan,nan
leak_mag_only,4x,1337,wm_032_R12p2_L282p2_a06p3,1474880,6,0.0002549778620896646,0.03101596259779249,0.002707394362815672,1.311838712818254e-08,0.0,nan,nan
leak_mag_only,4x,1337,wm_033_R16p9_L167p1_a02p1,1474880,6,0.0003522860684375669,0.5046759263311656,0.0002121170394041422,1.6372781207616755e-06,0.0,nan,nan
leak_mag_only,4x,2026,wm_028_R16p9_L170p9_a11p3,1474880,6,0.0003516401990481285,0.020370087347497123,0.04422476967986951,2.996110700639002e-06,0.0,nan,1.563433592969482e-05
leak_mag_only,4x,2026,wm_029_R15p7_L140p1_a07p1,1474880,6,0.0003277275482190352,0.012784953960216503,0.03386232789061879,1.8958840255480707e-06,0.0,nan,nan
leak_mag_only,4x,2026,wm_030_R16p8_L186p3_a07p9,1474880,6,0.0003509913694044737,0.010799693218342598,0.05994242721639859,1.2654479673387065e-06,0.0,nan,nan
leak_mag_only,4x,2026,wm_031_R09p4_L239p5_a10p9,1474880,6,0.00019569161991617957,0.0390050690437886,0.005878993339152293,4.770556228033033e-09,0.0,nan,nan
leak_mag_only,4x,2026,wm_032_R12p2_L282p2_a06p3,1474880,6,0.0002549778620896646,0.03101596259779249,0.008411731741024,1.311838712818254e-08,0.0,nan,nan
leak_mag_only,4x,2026,wm_033_R16p9_L167p1_a02p1,1474880,6,0.0003522860684375669,0.5046759263311656,0.0015836866404054326,1.6372781207616755e-06,0.0,nan,nan
noleak,1x,777,wm_028_R16p9_L170p9_a11p3,23120,1,0.0014065658923776761,0.0198831669986248,0.06747465580701828,0.00023449760919902474,0.0,0.020375328329623663,0.0010013014057569968
noleak,1x,777,wm_029_R15p7_L140p1_a07p1,23120,1,0.0013109133537489777,0.01276966743171215,0.10246877372264862,0.00012306416465435177,0.0,0.06912989789781977,0.00018182449506672356
noleak,1x,777,wm_030_R16p8_L186p3_a07p9,23120,1,0.0014039708374346536,0.01066726166754961,0.11435495316982269,0.00013111934822518378,0.0,0.024642516414515554,0.0005218220544174771
noleak,1x,777,wm_031_R09p4_L239p5_a10p9,23120,1,0.0007827705821687758,0.03888924792408943,0.01819796673953533,6.745892733306391e-08,0.0,nan,nan
noleak,1x,777,wm_032_R12p2_L282p2_a06p3,23120,1,0.0010199205610202091,0.029478538781404495,0.03470093384385109,4.0735827155913285e-07,0.0,nan,nan
noleak,1x,777,wm_033_R16p9_L167p1_a02p1,23120,1,0.0014091495568184552,0.4960843026638031,0.0033361229579895735,0.0001027116522891447,0.0,0.05317727453013745,9.970049329439686e-05
noleak,1x,1337,wm_028_R16p9_L170p9_a11p3,23120,1,0.0014065658923776761,0.0198831669986248,0.06274552643299103,0.00023449760919902474,0.0,0.05090178068874328,0.0010013014057569968
noleak,1x,1337,wm_029_R15p7_L140p1_a07p1,23120,1,0.0013109133537489777,0.01276966743171215,0.13005638122558594,0.00012306416465435177,0.0,0.07965853637061523,0.00018182449506672356
noleak,1x,1337,wm_030_R16p8_L186p3_a07p9,23120,1,0.0014039708374346536,0.01066726166754961,0.10260619223117828,0.00013111934822518378,0.0,0.03914080122132693,0.0005218220544174771
noleak,1x,1337,wm_031_R09p4_L239p5_a10p9,23120,1,0.0007827705821687758,0.03888924792408943,0.022647583857178688,6.745892733306391e-08,0.0,nan,nan
noleak,1x,1337,wm_032_R12p2_L282p2_a06p3,23120,1,0.0010199205610202091,0.029478538781404495,0.040098536759614944,4.0735827155913285e-07,0.0,nan,nan
noleak,1x,1337,wm_033_R16p9_L167p1_a02p1,23120,1,0.0014091495568184552,0.4960843026638031,0.003796751843765378,0.0001027116522891447,0.0,0.06277180473106767,9.970049329439686e-05
noleak,1x,2026,wm_028_R16p9_L170p9_a11p3,23120,1,0.0014065658923776761,0.0198831669986248,0.10676903277635574,0.00023449760919902474,0.0,0.07193829418599937,0.0010013014057569968
noleak,1x,2026,wm_029_R15p7_L140p1_a07p1,23120,1,0.0013109133537489777,0.01276966743171215,0.16393797099590302,0.00012306416465435177,0.0,0.1167676443749757,0.00018182449506672356
noleak,1x,2026,wm_030_R16p8_L186p3_a07p9,23120,1,0.0014039708374346536,0.01066726166754961,0.24807050824165344,0.00013111934822518378,0.0,0.06597755808213347,0.0005218220544174771
noleak,1x,2026,wm_031_R09p4_L239p5_a10p9,23120,1,0.0007827705821687758,0.03888924792408943,0.032988619059324265,6.745892733306391e-08,0.0,nan,nan
noleak,1x,2026,wm_032_R12p2_L282p2_a06p3,23120,1,0.0010199205610202091,0.029478538781404495,0.048872463405132294,4.0735827155913285e-07,0.0,nan,nan
noleak,1x,2026,wm_033_R16p9_L167p1_a02p1,23120,1,0.0014091495568184552,0.4960843026638031,0.004123332444578409,0.0001027116522891447,0.0,0.07521423892506729,9.970049329439686e-05
noleak,2x,777,wm_028_R16p9_L170p9_a11p3,184480,1,0.0007032820826633127,0.020390992984175682,0.021777484565973282,1.3378687981457915e-05,0.0,nan,nan
noleak,2x,777,wm_029_R15p7_L140p1_a07p1,184480,1,0.0006554561848187633,0.012784822843968868,0.030405940487980843,1.0730667781899683e-05,0.0,nan,nan
noleak,2x,777,wm_030_R16p8_L186p3_a07p9,184480,1,0.0007019844913098327,0.010819370858371258,0.03370200842618942,6.8721069510502275e-06,0.0,nan,nan
noleak,2x,777,wm_031_R09p4_L239p5_a10p9,184480,1,0.0003913846302569458,0.03902824595570564,0.003878879826515913,1.7260020968024037e-08,0.0,nan,nan
noleak,2x,777,wm_032_R12p2_L282p2_a06p3,184480,1,0.0005099590339922747,0.03107747994363308,0.007750016171485186,4.941882636444461e-08,0.0,nan,nan
noleak,2x,777,wm_033_R16p9_L167p1_a02p1,184480,1,0.0007045739679166213,0.5033658742904663,0.0009661668445914984,1.075494583346881e-05,0.0,nan,nan
noleak,2x,1337,wm_028_R16p9_L170p9_a11p3,184480,1,0.0007032820826633127,0.020390992984175682,0.01858663745224476,1.3378687981457915e-05,0.0,nan,nan
noleak,2x,1337,wm_029_R15p7_L140p1_a07p1,184480,1,0.0006554561848187633,0.012784822843968868,0.04387717321515083,1.0730667781899683e-05,0.0,nan,nan
noleak,2x,1337,wm_030_R16p8_L186p3_a07p9,184480,1,0.0007019844913098327,0.010819370858371258,0.03427543491125107,6.8721069510502275e-06,0.0,nan,nan
noleak,2x,1337,wm_031_R09p4_L239p5_a10p9,184480,1,0.0003913846302569458,0.03902824595570564,0.004793629515916109,1.7260020968024037e-08,0.0,nan,nan
noleak,2x,1337,wm_032_R12p2_L282p2_a06p3,184480,1,0.0005099590339922747,0.03107747994363308,0.01105943787842989,4.941882636444461e-08,0.0,nan,nan
noleak,2x,1337,wm_033_R16p9_L167p1_a02p1,184480,1,0.0007045739679166213,0.5033658742904663,0.0011290692491456866,1.075494583346881e-05,0.0,nan,nan
noleak,2x,2026,wm_028_R16p9_L170p9_a11p3,184480,1,0.0007032820826633127,0.020390992984175682,0.028292566537857056,1.3378687981457915e-05,0.0,nan,nan
noleak,2x,2026,wm_029_R15p7_L140p1_a07p1,184480,1,0.0006554561848187633,0.012784822843968868,0.04843640699982643,1.0730667781899683e-05,0.0,nan,nan
noleak,2x,2026,wm_030_R16p8_L186p3_a07p9,184480,1,0.0007019844913098327,0.010819370858371258,0.0690498873591423,6.8721069510502275e-06,0.0,nan,nan
noleak,2x,2026,wm_031_R09p4_L239p5_a10p9,184480,1,0.0003913846302569458,0.03902824595570564,0.006286430172622204,1.7260020968024037e-08,0.0,nan,nan
noleak,2x,2026,wm_032_R12p2_L282p2_a06p3,184480,1,0.0005099590339922747,0.03107747994363308,0.011398076079785824,4.941882636444461e-08,0.0,nan,nan
noleak,2x,2026,wm_033_R16p9_L167p1_a02p1,184480,1,0.0007045739679166213,0.5033658742904663,0.0012221052311360836,1.075494583346881e-05,0.0,nan,nan
noleak,4x,777,wm_028_R16p9_L170p9_a11p3,1474880,6,0.0003516401990481285,0.020370087347497123,0.005169861833621688,2.996110700639002e-06,0.0,nan,1.563433592969482e-05
noleak,4x,777,wm_029_R15p7_L140p1_a07p1,1474880,6,0.0003277275482190352,0.012784953960216503,0.007380650146913263,1.8958840255480707e-06,0.0,nan,nan
noleak,4x,777,wm_030_R16p8_L186p3_a07p9,1474880,6,0.0003509913694044737,0.010799693218342598,0.007990873841413641,1.2654479673387065e-06,0.0,nan,nan
noleak,4x,777,wm_031_R09p4_L239p5_a10p9,1474880,6,0.00019569161991617957,0.0390050690437886,0.0008398132697746584,4.770556228033033e-09,0.0,nan,nan
noleak,4x,777,wm_032_R12p2_L282p2_a06p3,1474880,6,0.0002549778620896646,0.03101596259779249,0.0016436566990418841,1.311838712818254e-08,0.0,nan,nan
noleak,4x,777,wm_033_R16p9_L167p1_a02p1,1474880,6,0.0003522860684375669,0.5046759263311656,0.00021265066806330668,1.6372781207616755e-06,0.0,nan,nan
noleak,4x,1337,wm_028_R16p9_L170p9_a11p3,1474880,6,0.0003516401990481285,0.020370087347497123,0.003932577381409918,2.996110700639002e-06,0.0,nan,1.563433592969482e-05
noleak,4x,1337,wm_029_R15p7_L140p1_a07p1,1474880,6,0.0003277275482190352,0.012784953960216503,0.009020131601896917,1.8958840255480707e-06,0.0,nan,nan
noleak,4x,1337,wm_030_R16p8_L186p3_a07p9,1474880,6,0.0003509913694044737,0.010799693218342598,0.007612030871427927,1.2654479673387065e-06,0.0,nan,nan
noleak,4x,1337,wm_031_R09p4_L239p5_a10p9,1474880,6,0.00019569161991617957,0.0390050690437886,0.0007971237673359283,4.770556228033033e-09,0.0,nan,nan
noleak,4x,1337,wm_032_R12p2_L282p2_a06p3,1474880,6,0.0002549778620896646,0.03101596259779249,0.002104087680682033,1.311838712818254e-08,0.0,nan,nan
noleak,4x,1337,wm_033_R16p9_L167p1_a02p1,1474880,6,0.0003522860684375669,0.5046759263311656,0.0002312994777379112,1.6372781207616755e-06,0.0,nan,nan
noleak,4x,2026,wm_028_R16p9_L170p9_a11p3,1474880,6,0.0003516401990481285,0.020370087347497123,0.0055899342016741856,2.996110700639002e-06,0.0,nan,1.563433592969482e-05
noleak,4x,2026,wm_029_R15p7_L140p1_a07p1,1474880,6,0.0003277275482190352,0.012784953960216503,0.010036733989914809,1.8958840255480707e-06,0.0,nan,nan
noleak,4x,2026,wm_030_R16p8_L186p3_a07p9,1474880,6,0.0003509913694044737,0.010799693218342598,0.013901364996203022,1.2654479673387065e-06,0.0,nan,nan
noleak,4x,2026,wm_031_R09p4_L239p5_a10p9,1474880,6,0.00019569161991617957,0.0390050690437886,0.0009745313762715522,4.770556228033033e-09,0.0,nan,nan
noleak,4x,2026,wm_032_R12p2_L282p2_a06p3,1474880,6,0.0002549778620896646,0.03101596259779249,0.0020802282236901137,1.311838712818254e-08,0.0,nan,nan
noleak,4x,2026,wm_033_R16p9_L167p1_a02p1,1474880,6,0.0003522860684375669,0.5046759263311656,0.0002607485631650109,1.6372781207616755e-06,0.0,nan,nan
withleak,1x,777,wm_028_R16p9_L170p9_a11p3,23120,1,0.0014065658923776761,0.0198831669986248,0.07517000287771225,0.00023449760919902474,0.0,0.024772911169642788,0.0010013014057569968
withleak,1x,777,wm_029_R15p7_L140p1_a07p1,23120,1,0.0013109133537489777,0.01276966743171215,0.13892003893852234,0.00012306416465435177,0.0,0.03057872668685163,0.00018182449506672356
withleak,1x,777,wm_030_R16p8_L186p3_a07p9,23120,1,0.0014039708374346536,0.01066726166754961,0.21369585394859314,0.00013111934822518378,0.0,0.028793232701739176,0.0005218220544174771
withleak,1x,777,wm_031_R09p4_L239p5_a10p9,23120,1,0.0007827705821687758,0.03888924792408943,0.01957003027200699,6.745892733306391e-08,0.0,nan,nan
withleak,1x,777,wm_032_R12p2_L282p2_a06p3,23120,1,0.0010199205610202091,0.029478538781404495,0.13307955861091614,4.0735827155913285e-07,0.0,nan,nan
withleak,1x,777,wm_033_R16p9_L167p1_a02p1,23120,1,0.0014091495568184552,0.4960843026638031,0.005331747233867645,0.0001027116522891447,0.0,0.04255237822730098,9.970049329439686e-05
withleak,1x,1337,wm_028_R16p9_L170p9_a11p3,23120,1,0.0014065658923776761,0.0198831669986248,0.06608396768569946,0.00023449760919902474,0.0,0.019820070048199693,0.0010013014057569968
withleak,1x,1337,wm_029_R15p7_L140p1_a07p1,23120,1,0.0013109133537489777,0.01276966743171215,0.17203229665756226,0.00012306416465435177,0.0,0.04165868527531493,0.00018182449506672356
withleak,1x,1337,wm_030_R16p8_L186p3_a07p9,23120,1,0.0014039708374346536,0.01066726166754961,0.12481221556663513,0.00013111934822518378,0.0,0.02517982942824791,0.0005218220544174771
withleak,1x,1337,wm_031_R09p4_L239p5_a10p9,23120,1,0.0007827705821687758,0.03888924792408943,0.025887925177812576,6.745892733306391e-08,0.0,nan,nan
withleak,1x,1337,wm_032_R12p2_L282p2_a06p3,23120,1,0.0010199205610202091,0.029478538781404495,0.12618859112262726,4.0735827155913285e-07,0.0,nan,nan
withleak,1x,1337,wm_033_R16p9_L167p1_a02p1,23120,1,0.0014091495568184552,0.4960843026638031,0.0034683262929320335,0.0001027116522891447,0.0,0.017994974708660016,9.970049329439686e-05
withleak,1x,2026,wm_028_R16p9_L170p9_a11p3,23120,1,0.0014065658923776761,0.0198831669986248,0.07083995640277863,0.00023449760919902474,0.0,0.026159833705155427,0.0010013014057569968
withleak,1x,2026,wm_029_R15p7_L140p1_a07p1,23120,1,0.0013109133537489777,0.01276966743171215,0.146620973944664,0.00012306416465435177,0.0,0.033639254859258616,0.00018182449506672356
withleak,1x,2026,wm_030_R16p8_L186p3_a07p9,23120,1,0.0014039708374346536,0.01066726166754961,0.13939595222473145,0.00013111934822518378,0.0,0.020569317428657714,0.0005218220544174771
withleak,1x,2026,wm_031_R09p4_L239p5_a10p9,23120,1,0.0007827705821687758,0.03888924792408943,0.024635668843984604,6.745892733306391e-08,0.0,nan,nan
withleak,1x,2026,wm_032_R12p2_L282p2_a06p3,23120,1,0.0010199205610202091,0.029478538781404495,0.08157114684581757,4.0735827155913285e-07,0.0,nan,nan
withleak,1x,2026,wm_033_R16p9_L167p1_a02p1,23120,1,0.0014091495568184552,0.4960843026638031,0.003922136500477791,0.0001027116522891447,0.0,0.02575797958550655,9.970049329439686e-05
withleak,2x,777,wm_028_R16p9_L170p9_a11p3,184480,1,0.0007032820826633127,0.020390992984175682,0.030002769082784653,1.3378687981457915e-05,0.0,nan,nan
withleak,2x,777,wm_029_R15p7_L140p1_a07p1,184480,1,0.0006554561848187633,0.012784822843968868,0.043206360191106796,1.0730667781899683e-05,0.0,nan,nan
withleak,2x,777,wm_030_R16p8_L186p3_a07p9,184480,1,0.0007019844913098327,0.010819370858371258,0.06863944232463837,6.8721069510502275e-06,0.0,nan,nan
withleak,2x,777,wm_031_R09p4_L239p5_a10p9,184480,1,0.0003913846302569458,0.03902824595570564,0.004079347942024469,1.7260020968024037e-08,0.0,nan,nan
withleak,2x,777,wm_032_R12p2_L282p2_a06p3,184480,1,0.0005099590339922747,0.03107747994363308,0.034264516085386276,4.941882636444461e-08,0.0,nan,nan
withleak,2x,777,wm_033_R16p9_L167p1_a02p1,184480,1,0.0007045739679166213,0.5033658742904663,0.0014008802827447653,1.075494583346881e-05,0.0,nan,nan
withleak,2x,1337,wm_028_R16p9_L170p9_a11p3,184480,1,0.0007032820826633127,0.020390992984175682,0.01884077489376068,1.3378687981457915e-05,0.0,nan,nan
withleak,2x,1337,wm_029_R15p7_L140p1_a07p1,184480,1,0.0006554561848187633,0.012784822843968868,0.052311256527900696,1.0730667781899683e-05,0.0,nan,nan
withleak,2x,1337,wm_030_R16p8_L186p3_a07p9,184480,1,0.0007019844913098327,0.010819370858371258,0.03934234753251076,6.8721069510502275e-06,0.0,nan,nan
withleak,2x,1337,wm_031_R09p4_L239p5_a10p9,184480,1,0.0003913846302569458,0.03902824595570564,0.00625937944278121,1.7260020968024037e-08,0.0,nan,nan
withleak,2x,1337,wm_032_R12p2_L282p2_a06p3,184480,1,0.0005099590339922747,0.03107747994363308,0.028715992346405983,4.941882636444461e-08,0.0,nan,nan
withleak,2x,1337,wm_033_R16p9_L167p1_a02p1,184480,1,0.0007045739679166213,0.5033658742904663,0.0010189296444877982,1.075494583346881e-05,0.0,nan,nan
withleak,2x,2026,wm_028_R16p9_L170p9_a11p3,184480,1,0.0007032820826633127,0.020390992984175682,0.021303091198205948,1.3378687981457915e-05,0.0,nan,nan
withleak,2x,2026,wm_029_R15p7_L140p1_a07p1,184480,1,0.0006554561848187633,0.012784822843968868,0.04787590727210045,1.0730667781899683e-05,0.0,nan,nan
withleak,2x,2026,wm_030_R16p8_L186p3_a07p9,184480,1,0.0007019844913098327,0.010819370858371258,0.03922450542449951,6.8721069510502275e-06,0.0,nan,nan
withleak,2x,2026,wm_031_R09p4_L239p5_a10p9,184480,1,0.0003913846302569458,0.03902824595570564,0.005668948870152235,1.7260020968024037e-08,0.0,nan,nan
withleak,2x,2026,wm_032_R12p2_L282p2_a06p3,184480,1,0.0005099590339922747,0.03107747994363308,0.01680666022002697,4.941882636444461e-08,0.0,nan,nan
withleak,2x,2026,wm_033_R16p9_L167p1_a02p1,184480,1,0.0007045739679166213,0.5033658742904663,0.0011493072379380465,1.075494583346881e-05,0.0,nan,nan
withleak,4x,777,wm_028_R16p9_L170p9_a11p3,1474880,6,0.0003516401990481285,0.020370087347497123,0.006714434834036612,2.996110700639002e-06,0.0,nan,1.563433592969482e-05
withleak,4x,777,wm_029_R15p7_L140p1_a07p1,1474880,6,0.0003277275482190352,0.012784953960216503,0.013527882012664288,1.8958840255480707e-06,0.0,nan,nan
withleak,4x,777,wm_030_R16p8_L186p3_a07p9,1474880,6,0.0003509913694044737,0.010799693218342598,0.015500571916951702,1.2654479673387065e-06,0.0,nan,nan
withleak,4x,777,wm_031_R09p4_L239p5_a10p9,1474880,6,0.00019569161991617957,0.0390050690437886,0.0007094267974467319,4.770556228033033e-09,0.0,nan,nan
withleak,4x,777,wm_032_R12p2_L282p2_a06p3,1474880,6,0.0002549778620896646,0.03101596259779249,0.006829022924084965,1.311838712818254e-08,0.0,nan,nan
withleak,4x,777,wm_033_R16p9_L167p1_a02p1,1474880,6,0.0003522860684375669,0.5046759263311656,0.00029188204781860035,1.6372781207616755e-06,0.0,nan,nan
withleak,4x,1337,wm_028_R16p9_L170p9_a11p3,1474880,6,0.0003516401990481285,0.020370087347497123,0.004035324214069462,2.996110700639002e-06,0.0,nan,1.563433592969482e-05
withleak,4x,1337,wm_029_R15p7_L140p1_a07p1,1474880,6,0.0003277275482190352,0.012784953960216503,0.012529715013403653,1.8958840255480707e-06,0.0,nan,nan
withleak,4x,1337,wm_030_R16p8_L186p3_a07p9,1474880,6,0.0003509913694044737,0.010799693218342598,0.008709688646602883,1.2654479673387065e-06,0.0,nan,nan
withleak,4x,1337,wm_031_R09p4_L239p5_a10p9,1474880,6,0.00019569161991617957,0.0390050690437886,0.0010331063907322222,4.770556228033033e-09,0.0,nan,nan
withleak,4x,1337,wm_032_R12p2_L282p2_a06p3,1474880,6,0.0002549778620896646,0.03101596259779249,0.005269946804379109,1.311838712818254e-08,0.0,nan,nan
withleak,4x,1337,wm_033_R16p9_L167p1_a02p1,1474880,6,0.0003522860684375669,0.5046759263311656,0.00021174786736281054,1.6372781207616755e-06,0.0,nan,nan
withleak,4x,2026,wm_028_R16p9_L170p9_a11p3,1474880,6,0.0003516401990481285,0.020370087347497123,0.005089757629085572,2.996110700639002e-06,0.0,nan,1.563433592969482e-05
withleak,4x,2026,wm_029_R15p7_L140p1_a07p1,1474880,6,0.0003277275482190352,0.012784953960216503,0.013301123461114239,1.8958840255480707e-06,0.0,nan,nan
withleak,4x,2026,wm_030_R16p8_L186p3_a07p9,1474880,6,0.0003509913694044737,0.010799693218342598,0.009789955774154997,1.2654479673387065e-06,0.0,nan,nan
withleak,4x,2026,wm_031_R09p4_L239p5_a10p9,1474880,6,0.00019569161991617957,0.0390050690437886,0.0010949394590567625,4.770556228033033e-09,0.0,nan,nan
withleak,4x,2026,wm_032_R12p2_L282p2_a06p3,1474880,6,0.0002549778620896646,0.03101596259779249,0.00330306216623488,1.311838712818254e-08,0.0,nan,nan
withleak,4x,2026,wm_033_R16p9_L167p1_a02p1,1474880,6,0.0003522860684375669,0.5046759263311656,0.0002368160024417364,1.6372781207616755e-06,0.0,nan,nan
