variant,seed,split,case,n_nodes,n_moving,angle_median,angle_mean,angle_p90,spearman_true_mag_radius,spearman_pred_mag_radius,mag_ratio_median,mag_ratio_p90,div_true_median,div_true_mean,div_pred_median,div_pred_mean,umean,wall_frac,mesh_L
noleak_centerline,1337,test,0007_H_AO_H_3D_RIGID,560868,381060,39.33219528198242,55.030738830566406,138.61178588867188,0.4529117736650832,0.15562831028361776,0.6649690270423889,1.4234274625778198,0.0007353163091465831,0.0014457572251558304,0.0009468619246035814,0.0019806870259344578,0.3152245581150055,0.1507342191032471,0.00018888486302164463
noleak_centerline,1337,test,0017_H_AO_COA_3D_RIGID,557492,380993,40.11355972290039,50.863224029541016,117.23921203613281,0.5379569657496619,0.1029572405969468,1.1291025876998901,2.3589909076690674,0.0006798940594308078,0.001321860821917653,0.0012168666580691934,0.003247738815844059,0.21421021223068237,0.14574200167894785,0.0001833600373472542
noleak_centerline,1337,test,0020_H_AO_COA_3D_RIGID,322504,207177,30.787172317504883,43.482906341552734,100.6469497680664,0.35717064087089784,0.10591952071875721,0.7481819987297058,1.5235848426818848,0.0008495232323184609,0.00189350510481745,0.001289100619032979,0.004379850812256336,0.41089072823524475,0.19699600625108526,0.0002076576179970371
noleak_centerline,1337,test,0225_H_AO_COA_3D_FSI_REST,180449,122175,33.90788650512695,50.848052978515625,125.47066497802734,0.5955005199491256,0.16649953773027187,0.6413177251815796,1.538049578666687,6.041183269189787e-07,0.00015491734666284174,1.1244454753978061e-06,0.000485754368128255,0.6181572079658508,0.15367222871836364,0.00013044805783162767
noleak_centerline,1337,test,0226_H_AO_COA_3D_FSI_REST,478860,338246,28.142986297607422,47.916263580322266,128.99090576171875,0.15934695019307002,0.20723918527532253,1.074458122253418,3.1515562534332275,0.0006325866561383009,0.005831016693264246,0.004152633249759674,0.013699477538466454,0.303988516330719,0.11705300087708308,0.0003231259117046775
noleak_centerline,1337,val,0002_H_AO_SVD_3D_RIGID,354855,266825,37.34115982055664,53.835174560546875,124.7682876586914,0.3376949064659261,0.36817949334904204,1.156274676322937,2.5847785472869873,7.897576142568141e-05,0.0002940235426649451,0.0005669715465046465,0.0020324301440268755,0.23082737624645233,0.060089332262473406,0.00016229678873188986
noleak_centerline,1337,val,0005_H_AO_SVD_3D_RIGID,354274,252557,56.05793762207031,61.54863739013672,121.41846466064453,0.06061426333878172,0.06322974088441226,2.591000556945801,9.277836799621582,9.443952149013057e-05,0.0008413105388171971,0.0008475828217342496,0.009111715480685234,0.09301868826150894,0.10889029395326781,0.00033450571882834106
noleak_centerline,1337,val,0234_H_AO_COA_3D_FSI_REST,274329,189370,51.28211212158203,67.91851806640625,147.90911865234375,0.5588580644775368,0.05428764040638975,1.404990553855896,6.315553665161133,1.0881193702516612e-05,0.0003443043678998947,4.4213222281541675e-05,0.0034643399994820356,0.18763655424118042,0.13712002741234067,0.00017261165080116665
noleak_centerline,1337,val,0241_H_AO_COA_3D_FSI_REST,318163,222127,68.98765563964844,72.55510711669922,124.84774780273438,0.3000220819510812,0.47971265976944955,0.9482887387275696,2.690742254257202,0.0005502899293787777,0.003980859648436308,0.004290747456252575,0.01161927543580532,0.2907840311527252,0.1273058149439124,0.00030131236144384423
noleak_centerline,2026,test,0007_H_AO_H_3D_RIGID,560868,381060,57.35834884643555,60.491146087646484,117.6458969116211,0.4529117736650832,0.19491495305492257,0.5675978660583496,1.1379307508468628,0.0007353163091465831,0.0014457572251558304,0.0005568404449149966,0.0014915094943717122,0.3152245581150055,0.1507342191032471,0.00018888486302164463
noleak_centerline,2026,test,0017_H_AO_COA_3D_RIGID,557492,380993,44.488468170166016,55.566688537597656,110.1435546875,0.5379569657496619,0.010530440023809547,0.8833774328231812,2.027785062789917,0.0006798940594308078,0.001321860821917653,0.0006487196660600603,0.0020340040791779757,0.21421021223068237,0.14574200167894785,0.0001833600373472542
noleak_centerline,2026,test,0020_H_AO_COA_3D_RIGID,322504,207177,37.78373336791992,47.81205368041992,103.62549591064453,0.35717064087089784,0.07703245375050272,0.5582382082939148,1.1305230855941772,0.0008495232323184609,0.00189350510481745,0.0006614560843445361,0.0025885591749101877,0.41089072823524475,0.19699600625108526,0.0002076576179970371
noleak_centerline,2026,test,0225_H_AO_COA_3D_FSI_REST,180449,122175,37.492942810058594,45.66638946533203,93.27161407470703,0.5955005199491256,0.18342373624741798,0.43687111139297485,1.5945594310760498,6.041183269189787e-07,0.00015491734666284174,4.6874779968675284e-07,0.0003557818999979645,0.6181572079658508,0.15367222871836364,0.00013044805783162767
noleak_centerline,2026,test,0226_H_AO_COA_3D_FSI_REST,478860,338246,46.91642761230469,57.545040130615234,124.47853088378906,0.15934695019307002,0.18175822534106845,1.1001272201538086,3.081669807434082,0.0006325866561383009,0.005831016693264246,0.0026440504007041454,0.009509573690593243,0.303988516330719,0.11705300087708308,0.0003231259117046775
noleak_centerline,2026,val,0002_H_AO_SVD_3D_RIGID,354855,266825,36.806636810302734,45.04569625854492,105.49978637695312,0.3376949064659261,0.3933434461346138,1.0630149841308594,2.425300359725952,7.897576142568141e-05,0.0002940235426649451,0.00023185129975900054,0.0009017917327582836,0.23082737624645233,0.060089332262473406,0.00016229678873188986
noleak_centerline,2026,val,0005_H_AO_SVD_3D_RIGID,354274,252557,63.7550163269043,65.2376480102539,114.80706787109375,0.06061426333878172,0.27614074771859276,2.940573215484619,8.231837272644043,9.443952149013057e-05,0.0008413105388171971,0.0004461690550670028,0.006805727258324623,0.09301868826150894,0.10889029395326781,0.00033450571882834106
noleak_centerline,2026,val,0234_H_AO_COA_3D_FSI_REST,274329,189370,32.23164749145508,44.07223892211914,96.8857650756836,0.5588580644775368,0.2925653085931743,1.4022717475891113,6.527607440948486,1.0881193702516612e-05,0.0003443043678998947,1.7102862329920754e-05,0.0025024067144840956,0.18763655424118042,0.13712002741234067,0.00017261165080116665
noleak_centerline,2026,val,0241_H_AO_COA_3D_FSI_REST,318163,222127,76.10783386230469,75.94474029541016,124.36883544921875,0.3000220819510812,0.6282227176799203,0.6846415400505066,1.9381970167160034,0.0005502899293787777,0.003980859648436308,0.0014681355096399784,0.005269799381494522,0.2907840311527252,0.1273058149439124,0.00030131236144384423
noleak_centerline,777,test,0007_H_AO_H_3D_RIGID,560868,381060,38.78879928588867,52.87143325805664,124.98197174072266,0.4529117736650832,0.12179156521391547,0.6263617277145386,1.3220503330230713,0.0007353163091465831,0.0014457572251558304,0.001053723506629467,0.002169051207602024,0.3152245581150055,0.1507342191032471,0.00018888486302164463
noleak_centerline,777,test,0017_H_AO_COA_3D_RIGID,557492,380993,44.53224563598633,56.47175216674805,124.5808334350586,0.5379569657496619,0.07266362396015713,1.0094703435897827,2.294532537460327,0.0006798940594308078,0.001321860821917653,0.0015680091455578804,0.003928477875888348,0.21421021223068237,0.14574200167894785,0.0001833600373472542
noleak_centerline,777,test,0020_H_AO_COA_3D_RIGID,322504,207177,33.13808059692383,48.290283203125,116.02930450439453,0.35717064087089784,0.09310352967279263,0.715639054775238,1.3899794816970825,0.0008495232323184609,0.00189350510481745,0.0014894087798893452,0.004767406266182661,0.41089072823524475,0.19699600625108526,0.0002076576179970371
noleak_centerline,777,test,0225_H_AO_COA_3D_FSI_REST,180449,122175,35.20629119873047,52.04232406616211,125.65717315673828,0.5955005199491256,0.21765216057177264,0.5105023384094238,1.2913713455200195,6.041183269189787e-07,0.00015491734666284174,7.982436045494978e-07,0.0004973280592821538,0.6181572079658508,0.15367222871836364,0.00013044805783162767
noleak_centerline,777,test,0226_H_AO_COA_3D_FSI_REST,478860,338246,30.75603485107422,49.275230407714844,131.0345916748047,0.15934695019307002,0.42394304460009413,1.0792937278747559,2.6389825344085693,0.0006325866561383009,0.005831016693264246,0.003753733355551958,0.012413469143211842,0.303988516330719,0.11705300087708308,0.0003231259117046775
noleak_centerline,777,val,0002_H_AO_SVD_3D_RIGID,354855,266825,37.76637268066406,52.77680969238281,122.24464416503906,0.3376949064659261,0.46208230987470067,1.1673699617385864,2.8152263164520264,7.897576142568141e-05,0.0002940235426649451,0.0005717932945117354,0.0026545068249106407,0.23082737624645233,0.060089332262473406,0.00016229678873188986
noleak_centerline,777,val,0005_H_AO_SVD_3D_RIGID,354274,252557,53.26813507080078,60.59841537475586,124.46363830566406,0.06061426333878172,0.18438411842973648,2.736207962036133,10.0,9.443952149013057e-05,0.0008413105388171971,0.0009035774855874479,0.011071229353547096,0.09301868826150894,0.10889029395326781,0.00033450571882834106
noleak_centerline,777,val,0234_H_AO_COA_3D_FSI_REST,274329,189370,42.58232116699219,58.69408416748047,138.01585388183594,0.5588580644775368,0.19362820295733343,1.4313580989837646,5.469181060791016,1.0881193702516612e-05,0.0003443043678998947,3.6482379073277116e-05,0.0027317339554429054,0.18763655424118042,0.13712002741234067,0.00017261165080116665
noleak_centerline,777,val,0241_H_AO_COA_3D_FSI_REST,318163,222127,69.2419662475586,71.54593658447266,121.23473358154297,0.3000220819510812,0.49778866252206194,0.8761789202690125,1.936234474182129,0.0005502899293787777,0.003980859648436308,0.0025223928969353437,0.008636108599603176,0.2907840311527252,0.1273058149439124,0.00030131236144384423
sage_noleak,1337,test,0007_H_AO_H_3D_RIGID,560868,381060,72.3931884765625,68.30343627929688,123.84317016601562,0.4529117736650832,0.3989672463162492,0.7132818698883057,1.597546100616455,0.0007353163091465831,0.0014457572251558304,0.00042054467485286295,0.0010814695851877332,0.3152245581150055,0.1507342191032471,0.00018888486302164463
sage_noleak,1337,test,0017_H_AO_COA_3D_RIGID,557492,380993,34.01251983642578,45.58792495727539,99.02763366699219,0.5379569657496619,0.3045318502947831,1.1177177429199219,2.4146180152893066,0.0006798940594308078,0.001321860821917653,0.0007811750983819366,0.0030898060649633408,0.21421021223068237,0.14574200167894785,0.0001833600373472542
sage_noleak,1337,test,0020_H_AO_COA_3D_RIGID,322504,207177,47.57136535644531,49.16357421875,91.66304016113281,0.35717064087089784,0.17094893750109721,0.5004890561103821,1.0206984281539917,0.0008495232323184609,0.00189350510481745,0.00039946180186234415,0.0013696212554350495,0.41089072823524475,0.19699600625108526,0.0002076576179970371
sage_noleak,1337,test,0225_H_AO_COA_3D_FSI_REST,180449,122175,35.059471130371094,47.70494842529297,116.55841064453125,0.5955005199491256,-0.0968151910617508,0.3994825780391693,0.9733190536499023,6.041183269189787e-07,0.00015491734666284174,2.3290489536975656e-07,0.0004469171108212322,0.6181572079658508,0.15367222871836364,0.00013044805783162767
sage_noleak,1337,test,0226_H_AO_COA_3D_FSI_REST,478860,338246,34.196964263916016,52.98845291137695,137.2840576171875,0.15934695019307002,-0.2028499095484992,1.0310821533203125,2.4752068519592285,0.0006325866561383009,0.005831016693264246,0.0010556683409959078,0.009273463860154152,0.303988516330719,0.11705300087708308,0.0003231259117046775
sage_noleak,1337,val,0002_H_AO_SVD_3D_RIGID,354855,266825,77.19706726074219,68.07581329345703,134.19850158691406,0.3376949064659261,0.4840808184573013,0.7707628011703491,1.3700342178344727,7.897576142568141e-05,0.0002940235426649451,0.00015137002628762275,0.0003585116355679929,0.23082737624645233,0.060089332262473406,0.00016229678873188986
sage_noleak,1337,val,0005_H_AO_SVD_3D_RIGID,354274,252557,51.82722854614258,61.3006706237793,134.98463439941406,0.06061426333878172,0.1829490832840258,2.0431888103485107,4.760695934295654,9.443952149013057e-05,0.0008413105388171971,0.0002145127218682319,0.003071743994951248,0.09301868826150894,0.10889029395326781,0.00033450571882834106
sage_noleak,1337,val,0234_H_AO_COA_3D_FSI_REST,274329,189370,34.80898666381836,46.24128341674805,103.19557189941406,0.5588580644775368,-0.5402021947978384,3.6898980140686035,10.0,1.0881193702516612e-05,0.0003443043678998947,1.594656532688532e-05,0.004794266074895859,0.18763655424118042,0.13712002741234067,0.00017261165080116665
sage_noleak,1337,val,0241_H_AO_COA_3D_FSI_REST,318163,222127,63.21542739868164,65.21524047851562,106.53763580322266,0.3000220819510812,-0.6234878731845782,1.5013521909713745,3.6413416862487793,0.0005502899293787777,0.003980859648436308,0.0009985744254663587,0.010238127782940865,0.2907840311527252,0.1273058149439124,0.00030131236144384423
sage_noleak,2026,test,0007_H_AO_H_3D_RIGID,560868,381060,101.42311096191406,90.0071792602539,157.13986206054688,0.4529117736650832,0.42612952090323786,0.49758851528167725,1.1815814971923828,0.0007353163091465831,0.0014457572251558304,0.0001503292005509138,0.000601560459472239,0.3152245581150055,0.1507342191032471,0.00018888486302164463
sage_noleak,2026,test,0017_H_AO_COA_3D_RIGID,557492,380993,47.36473083496094,68.37567138671875,152.75820922851562,0.5379569657496619,0.31122149179879827,0.7758073806762695,1.8946689367294312,0.0006798940594308078,0.001321860821917653,0.0002393153408775106,0.001049567712470889,0.21421021223068237,0.14574200167894785,0.0001833600373472542
sage_noleak,2026,test,0020_H_AO_COA_3D_RIGID,322504,207177,42.131622314453125,70.00658416748047,153.8457489013672,0.35717064087089784,0.18981319795437676,0.439823180437088,1.0481970310211182,0.0008495232323184609,0.00189350510481745,0.00022269427427090704,0.0010423172498121858,0.41089072823524475,0.19699600625108526,0.0002076576179970371
sage_noleak,2026,test,0225_H_AO_COA_3D_FSI_REST,180449,122175,26.787073135375977,43.92486572265625,120.8510971069336,0.5955005199491256,0.151258369969106,0.4463859796524048,1.050255537033081,6.041183269189787e-07,0.00015491734666284174,1.1564090129922988e-07,0.00021587079390883446,0.6181572079658508,0.15367222871836364,0.00013044805783162767
sage_noleak,2026,test,0226_H_AO_COA_3D_FSI_REST,478860,338246,47.09276580810547,62.947322845458984,140.89654541015625,0.15934695019307002,0.269457797224849,0.8970016241073608,2.3471288681030273,0.0006325866561383009,0.005831016693264246,0.0007644869619980454,0.004873806145042181,0.303988516330719,0.11705300087708308,0.0003231259117046775
sage_noleak,2026,val,0002_H_AO_SVD_3D_RIGID,354855,266825,94.76799774169922,79.30967712402344,142.8771209716797,0.3376949064659261,0.5608216931606944,0.9136983156204224,1.659879207611084,7.897576142568141e-05,0.0002940235426649451,0.00012161104677943513,0.00027896068058907986,0.23082737624645233,0.060089332262473406,0.00016229678873188986
sage_noleak,2026,val,0005_H_AO_SVD_3D_RIGID,354274,252557,91.0162582397461,87.18052673339844,152.9521484375,0.06061426333878172,0.18292929918918735,2.428194999694824,5.479283332824707,9.443952149013057e-05,0.0008413105388171971,0.00018269341671839356,0.004148583859205246,0.09301868826150894,0.10889029395326781,0.00033450571882834106
sage_noleak,2026,val,0234_H_AO_COA_3D_FSI_REST,274329,189370,32.93706512451172,45.314674377441406,113.3551254272461,0.5588580644775368,-0.40575502724372753,2.11667537689209,6.38205099105835,1.0881193702516612e-05,0.0003443043678998947,1.0526529877097346e-05,0.0015251780860126019,0.18763655424118042,0.13712002741234067,0.00017261165080116665
sage_noleak,2026,val,0241_H_AO_COA_3D_FSI_REST,318163,222127,64.92737579345703,67.29309844970703,110.57978057861328,0.3000220819510812,0.017948739876782527,1.2692835330963135,2.903373956680298,0.0005502899293787777,0.003980859648436308,0.0010192104382440448,0.006612394470721483,0.2907840311527252,0.1273058149439124,0.00030131236144384423
sage_noleak,777,test,0007_H_AO_H_3D_RIGID,560868,381060,72.89380645751953,72.69807434082031,138.612548828125,0.4529117736650832,0.3710928009841756,0.8263005018234253,2.3276455402374268,0.0007353163091465831,0.0014457572251558304,0.0006425931351259351,0.0018227584660053253,0.3152245581150055,0.1507342191032471,0.00018888486302164463
sage_noleak,777,test,0017_H_AO_COA_3D_RIGID,557492,380993,39.03738021850586,45.550254821777344,91.86341094970703,0.5379569657496619,0.19057814931883954,0.9812286496162415,2.502370834350586,0.0006798940594308078,0.001321860821917653,0.0007513318560086191,0.0037125833332538605,0.21421021223068237,0.14574200167894785,0.0001833600373472542
sage_noleak,777,test,0020_H_AO_COA_3D_RIGID,322504,207177,33.31062698364258,41.62646484375,88.77998352050781,0.35717064087089784,0.2216521278325321,0.5045157670974731,1.2314430475234985,0.0008495232323184609,0.00189350510481745,0.0005883632111363113,0.0020935102365911007,0.41089072823524475,0.19699600625108526,0.0002076576179970371
sage_noleak,777,test,0225_H_AO_COA_3D_FSI_REST,180449,122175,31.01578140258789,49.66508865356445,134.25393676757812,0.5955005199491256,-0.09617307543072734,0.44691818952560425,1.1327221393585205,6.041183269189787e-07,0.00015491734666284174,1.5491654892230144e-07,0.0003526112122926861,0.6181572079658508,0.15367222871836364,0.00013044805783162767
sage_noleak,777,test,0226_H_AO_COA_3D_FSI_REST,478860,338246,36.08381652832031,52.6284065246582,133.05947875976562,0.15934695019307002,-0.27757040401981525,1.1844401359558105,2.797457456588745,0.0006325866561383009,0.005831016693264246,0.001149189891293645,0.010586224496364594,0.303988516330719,0.11705300087708308,0.0003231259117046775
sage_noleak,777,val,0002_H_AO_SVD_3D_RIGID,354855,266825,47.74623489379883,51.20127868652344,103.88993072509766,0.3376949064659261,0.5082697072664333,0.801602303981781,1.7628635168075562,7.897576142568141e-05,0.0002940235426649451,0.00016617466462776065,0.00038186507299542427,0.23082737624645233,0.060089332262473406,0.00016229678873188986
sage_noleak,777,val,0005_H_AO_SVD_3D_RIGID,354274,252557,51.831119537353516,60.658451080322266,129.8518829345703,0.06061426333878172,0.25417194497961026,1.721574306488037,5.85348653793335,9.443952149013057e-05,0.0008413105388171971,0.00026080769021064043,0.005109719932079315,0.09301868826150894,0.10889029395326781,0.00033450571882834106
sage_noleak,777,val,0234_H_AO_COA_3D_FSI_REST,274329,189370,32.719268798828125,45.532798767089844,107.31126403808594,0.5588580644775368,-0.5411513101455067,3.9356963634490967,10.0,1.0881193702516612e-05,0.0003443043678998947,1.1841311788884923e-05,0.003640466835349798,0.18763655424118042,0.13712002741234067,0.00017261165080116665
sage_noleak,777,val,0241_H_AO_COA_3D_FSI_REST,318163,222127,61.8597297668457,65.03907012939453,107.46519470214844,0.3000220819510812,-0.5697224928998843,1.9199550151824951,4.771613597869873,0.0005502899293787777,0.003980859648436308,0.0012185050873085856,0.011698429472744465,0.2907840311527252,0.1273058149439124,0.00030131236144384423
sage_withleak,1337,test,0007_H_AO_H_3D_RIGID,560868,381060,4.54230260848999,4.922991752624512,9.299736022949219,0.4529117736650832,0.39525889506860845,1.0657932758331299,1.7433406114578247,0.0007353163091465831,0.0014457572251558304,0.0003122126800008118,0.0010508247651159763,0.3152245581150055,0.1507342191032471,0.00018888486302164463
sage_withleak,1337,test,0017_H_AO_COA_3D_RIGID,557492,380993,3.9574029445648193,4.3838725090026855,8.614219665527344,0.5379569657496619,0.42277303430281493,1.4239991903305054,2.550724506378174,0.0006798940594308078,0.001321860821917653,0.00032752283732406795,0.0012836044188588858,0.21421021223068237,0.14574200167894785,0.0001833600373472542
sage_withleak,1337,test,0020_H_AO_COA_3D_RIGID,322504,207177,4.823123455047607,5.027869701385498,8.247544288635254,0.35717064087089784,0.5117833098696484,1.5461755990982056,2.4648594856262207,0.0008495232323184609,0.00189350510481745,0.0006678937352262437,0.0019870668184012175,0.41089072823524475,0.19699600625108526,0.0002076576179970371
sage_withleak,1337,test,0225_H_AO_COA_3D_FSI_REST,180449,122175,5.551178932189941,5.17043399810791,7.821548938751221,0.5955005199491256,0.4900294235534013,0.880501389503479,1.8684968948364258,6.041183269189787e-07,0.00015491734666284174,3.774494530262018e-07,0.00016669268370606005,0.6181572079658508,0.15367222871836364,0.00013044805783162767
sage_withleak,1337,test,0226_H_AO_COA_3D_FSI_REST,478860,338246,2.99375581741333,3.61421799659729,7.224823951721191,0.15934695019307002,0.03660733711669999,1.322389841079712,2.9774270057678223,0.0006325866561383009,0.005831016693264246,0.0015936426352709532,0.0073408386670053005,0.303988516330719,0.11705300087708308,0.0003231259117046775
sage_withleak,1337,val,0002_H_AO_SVD_3D_RIGID,354855,266825,3.3797976970672607,4.050912380218506,7.475669860839844,0.3376949064659261,0.3447824861328596,1.2340238094329834,2.1939706802368164,7.897576142568141e-05,0.0002940235426649451,7.671933417441323e-05,0.00041751869139261544,0.23082737624645233,0.060089332262473406,0.00016229678873188986
sage_withleak,1337,val,0005_H_AO_SVD_3D_RIGID,354274,252557,5.362569808959961,5.760481357574463,10.698375701904297,0.06061426333878172,0.1853951884740301,3.7006430625915527,7.534183502197266,9.443952149013057e-05,0.0008413105388171971,0.0002534053928684443,0.002701675519347191,0.09301868826150894,0.10889029395326781,0.00033450571882834106
sage_withleak,1337,val,0234_H_AO_COA_3D_FSI_REST,274329,189370,3.4790775775909424,4.215574741363525,8.123784065246582,0.5588580644775368,0.26185312771185554,1.7922344207763672,4.835123538970947,1.0881193702516612e-05,0.0003443043678998947,1.848276770033408e-05,0.0007616197690367699,0.18763655424118042,0.13712002741234067,0.00017261165080116665
sage_withleak,1337,val,0241_H_AO_COA_3D_FSI_REST,318163,222127,5.0569868087768555,5.476259708404541,9.671037673950195,0.3000220819510812,0.0687569432388269,1.3131637573242188,2.9558002948760986,0.0005502899293787777,0.003980859648436308,0.0012696769554167986,0.005904109217226505,0.2907840311527252,0.1273058149439124,0.00030131236144384423
sage_withleak,2026,test,0007_H_AO_H_3D_RIGID,560868,381060,4.353769302368164,5.386460304260254,10.75694465637207,0.4529117736650832,0.44427514779354405,1.0097002983093262,1.6568677425384521,0.0007353163091465831,0.0014457572251558304,0.0003103249764535576,0.0009687335113994777,0.3152245581150055,0.1507342191032471,0.00018888486302164463
sage_withleak,2026,test,0017_H_AO_COA_3D_RIGID,557492,380993,3.578944206237793,4.8871541023254395,10.832731246948242,0.5379569657496619,0.38273166122320285,1.3898016214370728,2.418329954147339,0.0006798940594308078,0.001321860821917653,0.0003375544329173863,0.0012780572287738323,0.21421021223068237,0.14574200167894785,0.0001833600373472542
sage_withleak,2026,test,0020_H_AO_COA_3D_RIGID,322504,207177,3.7689425945281982,4.743699550628662,9.826671600341797,0.35717064087089784,0.48685308184160847,1.4129186868667603,2.312317132949829,0.0008495232323184609,0.00189350510481745,0.0006457631243392825,0.0018754644552245736,0.41089072823524475,0.19699600625108526,0.0002076576179970371
sage_withleak,2026,test,0225_H_AO_COA_3D_FSI_REST,180449,122175,3.6685307025909424,4.183196544647217,6.996714115142822,0.5955005199491256,0.5346128928855716,0.8848161697387695,1.8843327760696411,6.041183269189787e-07,0.00015491734666284174,3.3597572723920166e-07,0.00015279346553143114,0.6181572079658508,0.15367222871836364,0.00013044805783162767
sage_withleak,2026,test,0226_H_AO_COA_3D_FSI_REST,478860,338246,2.9915318489074707,3.8128855228424072,7.736697196960449,0.15934695019307002,0.2827546409979179,1.285609245300293,2.851989984512329,0.0006325866561383009,0.005831016693264246,0.0015180273912847042,0.0072633810341358185,0.303988516330719,0.11705300087708308,0.0003231259117046775
sage_withleak,2026,val,0002_H_AO_SVD_3D_RIGID,354855,266825,4.038712024688721,4.002810955047607,7.253606796264648,0.3376949064659261,0.3862606454334305,1.1809407472610474,2.009495973587036,7.897576142568141e-05,0.0002940235426649451,9.07941212062724e-05,0.0003999978944193572,0.23082737624645233,0.060089332262473406,0.00016229678873188986
sage_withleak,2026,val,0005_H_AO_SVD_3D_RIGID,354274,252557,4.923860549926758,5.588253498077393,9.964789390563965,0.06061426333878172,0.1875417543273007,3.733985662460327,7.283238887786865,9.443952149013057e-05,0.0008413105388171971,0.00028084294172003865,0.00274515594355762,0.09301868826150894,0.10889029395326781,0.00033450571882834106
sage_withleak,2026,val,0234_H_AO_COA_3D_FSI_REST,274329,189370,3.368715286254883,3.99196457862854,7.569360733032227,0.5588580644775368,0.25421490477739117,1.8269703388214111,4.745510578155518,1.0881193702516612e-05,0.0003443043678998947,1.7661765014054254e-05,0.0007855169242247939,0.18763655424118042,0.13712002741234067,0.00017261165080116665
sage_withleak,2026,val,0241_H_AO_COA_3D_FSI_REST,318163,222127,3.5612845420837402,4.093959331512451,7.32094669342041,0.3000220819510812,0.17417075943238372,1.3092327117919922,2.8901681900024414,0.0005502899293787777,0.003980859648436308,0.001249630469828844,0.005920299328863621,0.2907840311527252,0.1273058149439124,0.00030131236144384423
sage_withleak,777,test,0007_H_AO_H_3D_RIGID,560868,381060,3.323692798614502,3.7813003063201904,6.787450790405273,0.4529117736650832,0.4686134855771177,1.1249545812606812,1.8444442749023438,0.0007353163091465831,0.0014457572251558304,0.0003290839958935976,0.0010926517425104976,0.3152245581150055,0.1507342191032471,0.00018888486302164463
sage_withleak,777,test,0017_H_AO_COA_3D_RIGID,557492,380993,2.660651206970215,3.264000177383423,5.75757360458374,0.5379569657496619,0.5134418186887152,1.505170226097107,2.703514814376831,0.0006798940594308078,0.001321860821917653,0.0003357096284162253,0.0012944312766194344,0.21421021223068237,0.14574200167894785,0.0001833600373472542
sage_withleak,777,test,0020_H_AO_COA_3D_RIGID,322504,207177,3.1976962089538574,3.6601650714874268,6.357575416564941,0.35717064087089784,0.5124478136039049,1.7908267974853516,2.8852503299713135,0.0008495232323184609,0.00189350510481745,0.000780150294303894,0.0021975343115627766,0.41089072823524475,0.19699600625108526,0.0002076576179970371
sage_withleak,777,test,0225_H_AO_COA_3D_FSI_REST,180449,122175,2.390073299407959,2.858419179916382,5.8951873779296875,0.5955005199491256,0.5926118251086783,1.1368167400360107,2.387712240219116,6.041183269189787e-07,0.00015491734666284174,4.807337177226145e-07,0.00016365987539757043,0.6181572079658508,0.15367222871836364,0.00013044805783162767
sage_withleak,777,test,0226_H_AO_COA_3D_FSI_REST,478860,338246,2.841967821121216,3.1429293155670166,5.538490295410156,0.15934695019307002,0.3182331156123973,1.4904043674468994,3.276008129119873,0.0006325866561383009,0.005831016693264246,0.0016652303747832775,0.007940180599689484,0.303988516330719,0.11705300087708308,0.0003231259117046775
sage_withleak,777,val,0002_H_AO_SVD_3D_RIGID,354855,266825,3.625795841217041,3.850987672805786,5.813014507293701,0.3376949064659261,0.4980216575532691,1.319008469581604,2.3181352615356445,7.897576142568141e-05,0.0002940235426649451,0.00010106927220476791,0.00046579857007600367,0.23082737624645233,0.060089332262473406,0.00016229678873188986
sage_withleak,777,val,0005_H_AO_SVD_3D_RIGID,354274,252557,3.123804807662964,4.2806172370910645,9.750860214233398,0.06061426333878172,0.3695555415921664,3.971799612045288,7.782597541809082,9.443952149013057e-05,0.0008413105388171971,0.0002733207948040217,0.0025350211653858423,0.09301868826150894,0.10889029395326781,0.00033450571882834106
sage_withleak,777,val,0234_H_AO_COA_3D_FSI_REST,274329,189370,2.637301206588745,3.1249966621398926,5.749520301818848,0.5588580644775368,0.5018191853012108,1.9295159578323364,5.104262351989746,1.0881193702516612e-05,0.0003443043678998947,1.924946263898164e-05,0.0007708799676038325,0.18763655424118042,0.13712002741234067,0.00017261165080116665
sage_withleak,777,val,0241_H_AO_COA_3D_FSI_REST,318163,222127,2.6335129737854004,3.08685564994812,5.661795616149902,0.3000220819510812,0.2918419109750112,1.4820717573165894,3.2578542232513428,0.0005502899293787777,0.003980859648436308,0.0014318516477942467,0.006280809640884399,0.2907840311527252,0.1273058149439124,0.00030131236144384423
womersley_leak_dir_only,1337,test,wm_028_R16p9_L170p9_a11p3,23120,15440,8.031745910644531,10.475913047790527,21.115062713623047,-0.870787730135219,0.7845911978390547,4.463706970214844,5.387334823608398,4.395505470711214e-08,0.0003816459502559155,0.07277477532625198,0.08588705956935883,0.01597409136593342,0.08304498269896193,0.0014065658923776761
womersley_leak_dir_only,1337,test,wm_029_R15p7_L140p1_a07p1,23120,15440,13.892812728881836,15.308456420898438,26.98375129699707,0.5854719285679201,0.5745456903333626,3.1317825317382812,3.846078872680664,3.189930453117995e-08,0.00012145018990850076,0.13594582676887512,0.1419069617986679,0.01206557359546423,0.08304498269896193,0.0013109133537489777
womersley_leak_dir_only,1337,test,wm_030_R16p8_L186p3_a07p9,23120,15360,14.134635925292969,14.290183067321777,17.24765968322754,-0.8483353427249883,0.8923816636055599,4.4583001136779785,6.7632832527160645,2.5005443049508358e-08,0.00015086580242495984,0.11479254812002182,0.12504789233207703,0.009621471166610718,0.08304498269896193,0.0014039708374346536
womersley_leak_dir_only,1337,test,wm_031_R09p4_L239p5_a10p9,23120,15440,24.089492797851562,22.769128799438477,29.816116333007812,-0.8717912970903053,-0.3385996724052502,1.2941529750823975,1.3824349641799927,7.680373670382323e-09,2.7680941983021512e-08,0.016987428069114685,0.02110048569738865,0.03740987554192543,0.08304498269896193,0.0007827705821687758
womersley_leak_dir_only,1337,test,wm_032_R12p2_L282p2_a06p3,23120,16720,11.135994911193848,18.85517692565918,29.325258255004883,-0.8293937380561539,0.19690851610968285,2.7303647994995117,6.538712024688721,1.9124048833418783e-07,8.080358497863926e-07,0.07673431932926178,0.1414559781551361,0.017801418900489807,0.08304498269896193,0.0010199205610202091
womersley_leak_dir_only,1337,test,wm_033_R16p9_L167p1_a02p1,23120,15440,7.170187473297119,7.311837673187256,12.609539985656738,0.9916445814563004,0.8334634176458828,0.1259041130542755,0.18557685613632202,3.0644216053588025e-08,0.00015058282588142902,0.0028140649665147066,0.0031483338680118322,0.4166124761104584,0.08304498269896193,0.0014091495568184552
womersley_leak_dir_only,1337,val,wm_024_R10p1_L185p5_a06p9,23120,15360,37.119544982910156,37.51340866088867,41.83052444458008,-0.7315005836488998,0.35076014223850716,1.9682809114456177,3.886225938796997,1.3267266751881834e-07,9.898738426272757e-06,0.03456270694732666,0.04814775660634041,0.02503103017807007,0.08304498269896193,0.0008441820468176974
womersley_leak_dir_only,1337,val,wm_025_R14p6_L277p4_a02p2,23120,15440,5.80668830871582,8.24278450012207,15.44723129272461,-0.5727025401017038,0.5940552511027766,2.9249868392944336,6.659589767456055,2.3000889370905497e-07,8.28403699415503e-06,0.06723782420158386,0.13110193610191345,0.013274571858346462,0.08304498269896193,0.0012196515386521786
womersley_leak_dir_only,1337,val,wm_026_R16p1_L173p1_a06p4,23120,15760,9.415287017822266,10.589842796325684,19.58277702331543,0.9916909978340376,-0.29733505643893604,1.2335928678512573,2.7940022945404053,8.518423300074573e-08,0.00022386923956219107,0.023737678304314613,0.05140130966901779,0.02883230336010456,0.08304498269896193,0.001345495901610493
womersley_leak_dir_only,1337,val,wm_027_R13p9_L115p3_a03p2,23120,16720,15.227838516235352,15.622502326965332,18.32647705078125,-0.1273303962968586,0.856620888471993,0.873747706413269,0.9454464316368103,2.1341776346162078e-08,0.00012785485887434334,0.010555628687143326,0.015109208412468433,0.07105105370283127,0.08304498269896193,0.001161322786018001
womersley_leak_dir_only,2026,test,wm_028_R16p9_L170p9_a11p3,23120,15440,12.484565734863281,12.541542053222656,19.614538192749023,-0.870787730135219,0.4014894712620712,4.181968688964844,4.9015398025512695,4.395505470711214e-08,0.0003816459502559155,0.1018257811665535,0.11603600531816483,0.01597409136593342,0.08304498269896193,0.0014065658923776761
womersley_leak_dir_only,2026,test,wm_029_R15p7_L140p1_a07p1,23120,15440,15.316389083862305,16.243101119995117,21.99009132385254,0.5854719285679201,0.6433916612559218,4.134591579437256,4.870446681976318,3.189930453117995e-08,0.00012145018990850076,0.11501150578260422,0.13077470660209656,0.01206557359546423,0.08304498269896193,0.0013109133537489777
womersley_leak_dir_only,2026,test,wm_030_R16p8_L186p3_a07p9,23120,15360,9.112768173217773,10.870356559753418,14.392016410827637,-0.8483353427249883,0.9463603741029273,4.724404335021973,7.250157833099365,2.5005443049508358e-08,0.00015086580242495984,0.11051854491233826,0.14443019032478333,0.009621471166610718,0.08304498269896193,0.0014039708374346536
womersley_leak_dir_only,2026,test,wm_031_R09p4_L239p5_a10p9,23120,15440,20.83591079711914,22.289186477661133,27.549806594848633,-0.8717912970903053,-0.09569252607891264,1.4401941299438477,1.588535189628601,7.680373670382323e-09,2.7680941983021512e-08,0.014463702216744423,0.01789933070540428,0.03740987554192543,0.08304498269896193,0.0007827705821687758
womersley_leak_dir_only,2026,test,wm_032_R12p2_L282p2_a06p3,23120,16720,21.423603057861328,27.75750160217285,49.49620056152344,-0.8293937380561539,-0.3160239202006006,2.740017890930176,4.894472122192383,1.9124048833418783e-07,8.080358497863926e-07,0.10812713205814362,0.12660226225852966,0.017801418900489807,0.08304498269896193,0.0010199205610202091
womersley_leak_dir_only,2026,test,wm_033_R16p9_L167p1_a02p1,23120,15440,16.046249389648438,16.51861000061035,20.60198974609375,0.9916445814563004,0.1835703142058133,0.15683454275131226,0.20721988379955292,3.0644216053588025e-08,0.00015058282588142902,0.0029967273585498333,0.0031511459965258837,0.4166124761104584,0.08304498269896193,0.0014091495568184552
womersley_leak_dir_only,2026,val,wm_024_R10p1_L185p5_a06p9,23120,15360,26.620487213134766,27.20685577392578,31.080724716186523,-0.7315005836488998,-0.737293041884946,2.3104381561279297,3.9851183891296387,1.3267266751881834e-07,9.898738426272757e-06,0.02846742421388626,0.03807131573557854,0.02503103017807007,0.08304498269896193,0.0008441820468176974
womersley_leak_dir_only,2026,val,wm_025_R14p6_L277p4_a02p2,23120,15440,10.018359184265137,19.955852508544922,47.20063400268555,-0.5727025401017038,0.3596183595096742,2.9145307540893555,6.869309902191162,2.3000889370905497e-07,8.28403699415503e-06,0.12222279608249664,0.13639070093631744,0.013274571858346462,0.08304498269896193,0.0012196515386521786
womersley_leak_dir_only,2026,val,wm_026_R16p1_L173p1_a06p4,23120,15760,7.945308208465576,19.824909210205078,61.47036361694336,0.9916909978340376,0.7551014523340847,1.2073005437850952,2.0030908584594727,8.518423300074573e-08,0.00022386923956219107,0.04917524755001068,0.09219132363796234,0.02883230336010456,0.08304498269896193,0.001345495901610493
womersley_leak_dir_only,2026,val,wm_027_R13p9_L115p3_a03p2,23120,16720,7.983180522918701,8.397744178771973,13.825775146484375,-0.1273303962968586,0.4923563819523157,0.8413556814193726,0.964120090007782,2.1341776346162078e-08,0.00012785485887434334,0.018432632088661194,0.0203761737793684,0.07105105370283127,0.08304498269896193,0.001161322786018001
womersley_leak_dir_only,777,test,wm_028_R16p9_L170p9_a11p3,23120,15440,5.237027168273926,8.288952827453613,21.954437255859375,-0.870787730135219,0.14601820462322532,4.763784408569336,5.511496543884277,4.395505470711214e-08,0.0003816459502559155,0.05945257842540741,0.09964868426322937,0.01597409136593342,0.08304498269896193,0.0014065658923776761
womersley_leak_dir_only,777,test,wm_029_R15p7_L140p1_a07p1,23120,15440,10.715404510498047,11.902983665466309,18.828336715698242,0.5854719285679201,0.8937426340457992,3.300051212310791,4.018964767456055,3.189930453117995e-08,0.00012145018990850076,0.08266354352235794,0.09276898205280304,0.01206557359546423,0.08304498269896193,0.0013109133537489777
womersley_leak_dir_only,777,test,wm_030_R16p8_L186p3_a07p9,23120,15360,17.589460372924805,18.3861141204834,21.731767654418945,-0.8483353427249883,0.9264647271995943,5.052437782287598,6.960803031921387,2.5005443049508358e-08,0.00015086580242495984,0.11111555993556976,0.16870291531085968,0.009621471166610718,0.08304498269896193,0.0014039708374346536
womersley_leak_dir_only,777,test,wm_031_R09p4_L239p5_a10p9,23120,15440,12.988615989685059,12.737624168395996,16.727493286132812,-0.8717912970903053,-0.12955079681567575,1.269457459449768,1.4609736204147339,7.680373670382323e-09,2.7680941983021512e-08,0.014668968506157398,0.016726000234484673,0.03740987554192543,0.08304498269896193,0.0007827705821687758
womersley_leak_dir_only,777,test,wm_032_R12p2_L282p2_a06p3,23120,16720,18.17654037475586,17.976634979248047,30.80307388305664,-0.8293937380561539,-0.1003833037767158,2.10124135017395,6.303637504577637,1.9124048833418783e-07,8.080358497863926e-07,0.0718771442770958,0.12007486075162888,0.017801418900489807,0.08304498269896193,0.0010199205610202091
womersley_leak_dir_only,777,test,wm_033_R16p9_L167p1_a02p1,23120,15440,21.050552368164062,20.727060317993164,25.81415557861328,0.9916445814563004,0.5777655799654335,0.13411402702331543,0.19054360687732697,3.0644216053588025e-08,0.00015058282588142902,0.0029426601249724627,0.0031125580426305532,0.4166124761104584,0.08304498269896193,0.0014091495568184552
womersley_leak_dir_only,777,val,wm_024_R10p1_L185p5_a06p9,23120,15360,20.518592834472656,18.749513626098633,22.91205596923828,-0.7315005836488998,-0.1247941566670156,2.235546588897705,3.6900274753570557,1.3267266751881834e-07,9.898738426272757e-06,0.02043992280960083,0.030451064929366112,0.02503103017807007,0.08304498269896193,0.0008441820468176974
womersley_leak_dir_only,777,val,wm_025_R14p6_L277p4_a02p2,23120,15440,16.708480834960938,17.52834129333496,27.438915252685547,-0.5727025401017038,0.3516811758239191,2.835129737854004,6.022276401519775,2.3000889370905497e-07,8.28403699415503e-06,0.10480429977178574,0.13551071286201477,0.013274571858346462,0.08304498269896193,0.0012196515386521786
womersley_leak_dir_only,777,val,wm_026_R16p1_L173p1_a06p4,23120,15760,7.482609272003174,11.828631401062012,29.200531005859375,0.9916909978340376,0.42236705753878356,1.193594217300415,1.6072832345962524,8.518423300074573e-08,0.00022386923956219107,0.02304571494460106,0.03730357065796852,0.02883230336010456,0.08304498269896193,0.001345495901610493
womersley_leak_dir_only,777,val,wm_027_R13p9_L115p3_a03p2,23120,16720,7.7908101081848145,8.2343111038208,10.990567207336426,-0.1273303962968586,-0.2803443712910718,0.8971045017242432,0.9856592416763306,2.1341776346162078e-08,0.00012785485887434334,0.007584858685731888,0.011784937232732773,0.07105105370283127,0.08304498269896193,0.001161322786018001
womersley_leak_mag_only,1337,test,wm_028_R16p9_L170p9_a11p3,23120,15440,13.140743255615234,15.32567024230957,20.752294540405273,-0.870787730135219,0.661422807938529,2.9052281379699707,3.598771810531616,4.395505470711214e-08,0.0003816459502559155,0.0811527818441391,0.09304781258106232,0.01597409136593342,0.08304498269896193,0.0014065658923776761
womersley_leak_mag_only,1337,test,wm_029_R15p7_L140p1_a07p1,23120,15440,76.24661254882812,76.20121765136719,86.90652465820312,0.5854719285679201,0.7037632052016666,1.6059821844100952,2.5790491104125977,3.189930453117995e-08,0.00012145018990850076,0.13952505588531494,0.1432739943265915,0.01206557359546423,0.08304498269896193,0.0013109133537489777
womersley_leak_mag_only,1337,test,wm_030_R16p8_L186p3_a07p9,23120,15360,24.260700225830078,27.051475524902344,43.522254943847656,-0.8483353427249883,0.8515460883356399,1.9216201305389404,3.8268015384674072,2.5005443049508358e-08,0.00015086580242495984,0.0975365936756134,0.11191194504499435,0.009621471166610718,0.08304498269896193,0.0014039708374346536
womersley_leak_mag_only,1337,test,wm_031_R09p4_L239p5_a10p9,23120,15440,114.59405517578125,117.49889373779297,132.27195739746094,-0.8717912970903053,0.5162459669421466,0.7708834409713745,1.0228872299194336,7.680373670382323e-09,2.7680941983021512e-08,0.019346527755260468,0.0208769328892231,0.03740987554192543,0.08304498269896193,0.0007827705821687758
womersley_leak_mag_only,1337,test,wm_032_R12p2_L282p2_a06p3,23120,16720,70.93698120117188,83.89771270751953,131.05325317382812,-0.8293937380561539,0.8397456490580908,1.381850004196167,8.79074478149414,1.9124048833418783e-07,8.080358497863926e-07,0.05654910206794739,0.08318416029214859,0.017801418900489807,0.08304498269896193,0.0010199205610202091
womersley_leak_mag_only,1337,test,wm_033_R16p9_L167p1_a02p1,23120,15440,125.60499572753906,125.23912048339844,129.6259765625,0.9916445814563004,0.39547070747175095,0.10921359062194824,0.14798961579799652,3.0644216053588025e-08,0.00015058282588142902,0.0021586972288787365,0.002658919198438525,0.4166124761104584,0.08304498269896193,0.0014091495568184552
womersley_leak_mag_only,1337,val,wm_024_R10p1_L185p5_a06p9,23120,15360,85.24632263183594,87.86990356445312,99.46432495117188,-0.7315005836488998,0.6013156075169304,1.463740348815918,3.1845388412475586,1.3267266751881834e-07,9.898738426272757e-06,0.03832979500293732,0.05640256032347679,0.02503103017807007,0.08304498269896193,0.0008441820468176974
womersley_leak_mag_only,1337,val,wm_025_R14p6_L277p4_a02p2,23120,15440,37.95580291748047,52.81499099731445,145.0646209716797,-0.5727025401017038,0.8012575653941514,1.63718843460083,8.463053703308105,2.3000889370905497e-07,8.28403699415503e-06,0.06689346581697464,0.09147363901138306,0.013274571858346462,0.08304498269896193,0.0012196515386521786
womersley_leak_mag_only,1337,val,wm_026_R16p1_L173p1_a06p4,23120,15760,171.93527221679688,151.1575164794922,178.1051483154297,0.9916909978340376,0.8747544009122376,1.221449851989746,2.150256633758545,8.518423300074573e-08,0.00022386923956219107,0.025789540261030197,0.036568526178598404,0.02883230336010456,0.08304498269896193,0.001345495901610493
womersley_leak_mag_only,1337,val,wm_027_R13p9_L115p3_a03p2,23120,16720,83.4693603515625,82.10375213623047,88.24443054199219,-0.1273303962968586,-0.6946794747233841,0.3334280848503113,0.3917815685272217,2.1341776346162078e-08,0.00012785485887434334,0.015914741903543472,0.019338415935635567,0.07105105370283127,0.08304498269896193,0.001161322786018001
womersley_leak_mag_only,2026,test,wm_028_R16p9_L170p9_a11p3,23120,15440,116.235595703125,115.10208892822266,126.66552734375,-0.870787730135219,-0.08023768718444933,10.0,10.0,4.395505470711214e-08,0.0003816459502559155,0.9436262249946594,1.1414353847503662,0.01597409136593342,0.08304498269896193,0.0014065658923776761
womersley_leak_mag_only,2026,test,wm_029_R15p7_L140p1_a07p1,23120,15440,53.00206756591797,52.64675521850586,61.7222785949707,0.5854719285679201,0.8989621090836725,10.0,10.0,3.189930453117995e-08,0.00012145018990850076,0.2094445526599884,0.35920411348342896,0.01206557359546423,0.08304498269896193,0.0013109133537489777
womersley_leak_mag_only,2026,test,wm_030_R16p8_L186p3_a07p9,23120,15360,74.64617919921875,75.88302612304688,86.87459564208984,-0.8483353427249883,0.9121264454975367,10.0,10.0,2.5005443049508358e-08,0.00015086580242495984,1.0461757183074951,1.0517456531524658,0.009621471166610718,0.08304498269896193,0.0014039708374346536
womersley_leak_mag_only,2026,test,wm_031_R09p4_L239p5_a10p9,23120,15440,73.70326232910156,73.07376861572266,84.73110961914062,-0.8717912970903053,0.8494958532247655,8.513401985168457,10.0,7.680373670382323e-09,2.7680941983021512e-08,0.1751054972410202,0.17081284523010254,0.03740987554192543,0.08304498269896193,0.0007827705821687758
womersley_leak_mag_only,2026,test,wm_032_R12p2_L282p2_a06p3,23120,16720,66.28721618652344,85.79560089111328,152.97459411621094,-0.8293937380561539,0.9116924819766576,10.0,10.0,1.9124048833418783e-07,8.080358497863926e-07,0.2889862060546875,0.41313472390174866,0.017801418900489807,0.08304498269896193,0.0010199205610202091
womersley_leak_mag_only,2026,test,wm_033_R16p9_L167p1_a02p1,23120,15440,69.9271240234375,69.27371978759766,79.19251251220703,0.9916445814563004,0.891708179927159,0.8719687461853027,1.06061589717865,3.0644216053588025e-08,0.00015058282588142902,0.027448046952486038,0.029376786202192307,0.4166124761104584,0.08304498269896193,0.0014091495568184552
womersley_leak_mag_only,2026,val,wm_024_R10p1_L185p5_a06p9,23120,15360,98.3568115234375,97.99632263183594,111.70838928222656,-0.7315005836488998,0.8843652207648287,10.0,10.0,1.3267266751881834e-07,9.898738426272757e-06,0.32646316289901733,0.41763660311698914,0.02503103017807007,0.08304498269896193,0.0008441820468176974
womersley_leak_mag_only,2026,val,wm_025_R14p6_L277p4_a02p2,23120,15440,60.734283447265625,69.4566879272461,135.88180541992188,-0.5727025401017038,0.9166931329929396,10.0,10.0,2.3000889370905497e-07,8.28403699415503e-06,0.5537976026535034,0.7857599258422852,0.013274571858346462,0.08304498269896193,0.0012196515386521786
womersley_leak_mag_only,2026,val,wm_026_R16p1_L173p1_a06p4,23120,15760,112.70428466796875,112.77323150634766,124.52291870117188,0.9916909978340376,0.9134951481201572,7.446723461151123,9.667268753051758,8.518423300074573e-08,0.00022386923956219107,0.3389962613582611,0.3550717532634735,0.02883230336010456,0.08304498269896193,0.001345495901610493
womersley_leak_mag_only,2026,val,wm_027_R13p9_L115p3_a03p2,23120,16720,156.54055786132812,152.8771209716797,167.11549377441406,-0.1273303962968586,0.5471274055259051,3.5290274620056152,4.207852363586426,2.1341776346162078e-08,0.00012785485887434334,0.15900519490242004,0.15368911623954773,0.07105105370283127,0.08304498269896193,0.001161322786018001
womersley_leak_mag_only,777,test,wm_028_R16p9_L170p9_a11p3,23120,15440,34.64825439453125,31.633331298828125,40.93207931518555,-0.870787730135219,0.2760602068984067,2.139328718185425,3.6344783306121826,4.395505470711214e-08,0.0003816459502559155,0.123160719871521,0.12477392703294754,0.01597409136593342,0.08304498269896193,0.0014065658923776761
womersley_leak_mag_only,777,test,wm_029_R15p7_L140p1_a07p1,23120,15440,71.48751831054688,72.17388916015625,81.7789535522461,0.5854719285679201,0.6521002213195473,2.7108230590820312,3.2166695594787598,3.189930453117995e-08,0.00012145018990850076,0.08226560056209564,0.09951205551624298,0.01206557359546423,0.08304498269896193,0.0013109133537489777
womersley_leak_mag_only,777,test,wm_030_R16p8_L186p3_a07p9,23120,15360,21.906787872314453,23.15411376953125,30.01665687561035,-0.8483353427249883,0.5750514476864673,3.5551998615264893,4.634574890136719,2.5005443049508358e-08,0.00015086580242495984,0.17147411406040192,0.20353610813617706,0.009621471166610718,0.08304498269896193,0.0014039708374346536
womersley_leak_mag_only,777,test,wm_031_R09p4_L239p5_a10p9,23120,15440,82.91791534423828,84.58876037597656,102.48807525634766,-0.8717912970903053,0.27368931858358064,0.6290450096130371,0.8123558163642883,7.680373670382323e-09,2.7680941983021512e-08,0.013240435160696507,0.015667317435145378,0.03740987554192543,0.08304498269896193,0.0007827705821687758
womersley_leak_mag_only,777,test,wm_032_R12p2_L282p2_a06p3,23120,16720,55.996917724609375,77.55403900146484,152.38560485839844,-0.8293937380561539,0.8076029306538277,2.1968882083892822,8.533623695373535,1.9124048833418783e-07,8.080358497863926e-07,0.08709264546632767,0.1058531403541565,0.017801418900489807,0.08304498269896193,0.0010199205610202091
womersley_leak_mag_only,777,test,wm_033_R16p9_L167p1_a02p1,23120,15440,151.83096313476562,152.8353729248047,163.2798614501953,0.9916445814563004,0.5391420872091526,0.08066687732934952,0.11001023650169373,3.0644216053588025e-08,0.00015058282588142902,0.00444149412214756,0.0044404142536222935,0.4166124761104584,0.08304498269896193,0.0014091495568184552
womersley_leak_mag_only,777,val,wm_024_R10p1_L185p5_a06p9,23120,15360,38.543174743652344,36.73506546020508,54.09440994262695,-0.7315005836488998,-0.6497715414804313,1.2331622838974,1.9934561252593994,1.3267266751881834e-07,9.898738426272757e-06,0.047592878341674805,0.05561237409710884,0.02503103017807007,0.08304498269896193,0.0008441820468176974
womersley_leak_mag_only,777,val,wm_025_R14p6_L277p4_a02p2,23120,15440,37.77131271362305,47.259132385253906,148.4209442138672,-0.5727025401017038,0.6043127430764712,2.9089553356170654,7.680823802947998,2.3000889370905497e-07,8.28403699415503e-06,0.18362773954868317,0.19301731884479523,0.013274571858346462,0.08304498269896193,0.0012196515386521786
womersley_leak_mag_only,777,val,wm_026_R16p1_L173p1_a06p4,23120,15760,161.11532592773438,146.31666564941406,175.34161376953125,0.9916909978340376,0.21679841893003154,1.4663422107696533,3.5397896766662598,8.518423300074573e-08,0.00022386923956219107,0.049705177545547485,0.08328067511320114,0.02883230336010456,0.08304498269896193,0.001345495901610493
womersley_leak_mag_only,777,val,wm_027_R13p9_L115p3_a03p2,23120,16720,50.20461654663086,50.31700897216797,65.38751220703125,-0.1273303962968586,0.8889153280573433,0.2896988093852997,0.4813465476036072,2.1341776346162078e-08,0.00012785485887434334,0.021906405687332153,0.025808079168200493,0.07105105370283127,0.08304498269896193,0.001161322786018001
womersley_noleak,1337,test,wm_028_R16p9_L170p9_a11p3,23120,15440,10.511237144470215,12.364446640014648,17.324337005615234,-0.870787730135219,0.7409662227445223,2.8090176582336426,3.7298924922943115,4.395505470711214e-08,0.0003816459502559155,0.06773597002029419,0.08516832441091537,0.01597409136593342,0.08304498269896193,0.0014065658923776761
womersley_noleak,1337,test,wm_029_R15p7_L140p1_a07p1,23120,15440,80.12583923339844,78.49671936035156,85.18183898925781,0.5854719285679201,0.657232454697656,1.7324594259262085,2.811317205429077,3.189930453117995e-08,0.00012145018990850076,0.13023704290390015,0.1376526802778244,0.01206557359546423,0.08304498269896193,0.0013109133537489777
womersley_noleak,1337,test,wm_030_R16p8_L186p3_a07p9,23120,15360,26.509197235107422,29.19174575805664,42.08057403564453,-0.8483353427249883,0.750278439753745,2.056771755218506,3.8191165924072266,2.5005443049508358e-08,0.00015086580242495984,0.08889131247997284,0.10156390815973282,0.009621471166610718,0.08304498269896193,0.0014039708374346536
womersley_noleak,1337,test,wm_031_R09p4_L239p5_a10p9,23120,15440,121.063720703125,122.42257690429688,130.20941162109375,-0.8717912970903053,0.5970188830930637,0.9013587236404419,1.157189130783081,7.680373670382323e-09,2.7680941983021512e-08,0.01611698791384697,0.02007990889251232,0.03740987554192543,0.08304498269896193,0.0007827705821687758
womersley_noleak,1337,test,wm_032_R12p2_L282p2_a06p3,23120,16720,62.79625701904297,79.88255310058594,140.65457153320312,-0.8293937380561539,0.7162505899089503,1.447899341583252,7.947786331176758,1.9124048833418783e-07,8.080358497863926e-07,0.03927968814969063,0.06494812667369843,0.017801418900489807,0.08304498269896193,0.0010199205610202091
womersley_noleak,1337,test,wm_033_R16p9_L167p1_a02p1,23120,15440,124.52422332763672,123.9301986694336,126.34382629394531,0.9916445814563004,0.9103071006816791,0.114816814661026,0.14767493307590485,3.0644216053588025e-08,0.00015058282588142902,0.0032259467989206314,0.0033283610828220844,0.4166124761104584,0.08304498269896193,0.0014091495568184552
womersley_noleak,1337,val,wm_024_R10p1_L185p5_a06p9,23120,15360,87.19155883789062,89.2979507446289,98.80474853515625,-0.7315005836488998,0.44479676448970706,1.46696138381958,2.8842554092407227,1.3267266751881834e-07,9.898738426272757e-06,0.02593046799302101,0.04380210116505623,0.02503103017807007,0.08304498269896193,0.0008441820468176974
womersley_noleak,1337,val,wm_025_R14p6_L277p4_a02p2,23120,15440,37.389835357666016,50.96843338012695,153.98919677734375,-0.5727025401017038,0.6604898828761789,1.8490196466445923,7.2256646156311035,2.3000889370905497e-07,8.28403699415503e-06,0.07314133644104004,0.08484376221895218,0.013274571858346462,0.08304498269896193,0.0012196515386521786
womersley_noleak,1337,val,wm_026_R16p1_L173p1_a06p4,23120,15760,169.15919494628906,147.4827423095703,176.59239196777344,0.9916909978340376,0.9100740263750361,1.2237831354141235,1.6105194091796875,8.518423300074573e-08,0.00022386923956219107,0.02181793376803398,0.025181587785482407,0.02883230336010456,0.08304498269896193,0.001345495901610493
womersley_noleak,1337,val,wm_027_R13p9_L115p3_a03p2,23120,16720,81.73750305175781,79.32441711425781,93.67304992675781,-0.1273303962968586,-0.8108482047557763,0.31690868735313416,0.38964495062828064,2.1341776346162078e-08,0.00012785485887434334,0.00992530770599842,0.014534986577928066,0.07105105370283127,0.08304498269896193,0.001161322786018001
womersley_noleak,2026,test,wm_028_R16p9_L170p9_a11p3,23120,15440,74.00818634033203,78.55880737304688,103.86724853515625,-0.870787730135219,-0.41311762015750986,1.3473788499832153,2.6029698848724365,4.395505470711214e-08,0.0003816459502559155,0.11803385615348816,0.16232049465179443,0.01597409136593342,0.08304498269896193,0.0014065658923776761
womersley_noleak,2026,test,wm_029_R15p7_L140p1_a07p1,23120,15440,57.09214401245117,70.54266357421875,134.3870086669922,0.5854719285679201,-0.10225142185191209,1.6098735332489014,3.548557996749878,3.189930453117995e-08,0.00012145018990850076,0.08528465032577515,0.13477663695812225,0.01206557359546423,0.08304498269896193,0.0013109133537489777
womersley_noleak,2026,test,wm_030_R16p8_L186p3_a07p9,23120,15360,38.42969512939453,45.57551193237305,69.46710205078125,-0.8483353427249883,-0.5339612816619329,2.9869017601013184,5.22958517074585,2.5005443049508358e-08,0.00015086580242495984,0.2187538892030716,0.2607804238796234,0.009621471166610718,0.08304498269896193,0.0014039708374346536
womersley_noleak,2026,test,wm_031_R09p4_L239p5_a10p9,23120,15440,106.89289855957031,106.10972595214844,155.74981689453125,-0.8717912970903053,0.1723923236952849,0.5318022966384888,0.8350645303726196,7.680373670382323e-09,2.7680941983021512e-08,0.021207336336374283,0.028293084353208542,0.03740987554192543,0.08304498269896193,0.0007827705821687758
womersley_noleak,2026,test,wm_032_R12p2_L282p2_a06p3,23120,16720,47.906593322753906,64.40762329101562,144.54763793945312,-0.8293937380561539,-0.06535516955814437,2.224947452545166,6.145777225494385,1.9124048833418783e-07,8.080358497863926e-07,0.08109444379806519,0.09316864609718323,0.017801418900489807,0.08304498269896193,0.0010199205610202091
womersley_noleak,2026,test,wm_033_R16p9_L167p1_a02p1,23120,15440,104.71876525878906,106.75907897949219,121.9289321899414,0.9916445814563004,0.4685687073597056,0.07678230106830597,0.10925891250371933,3.0644216053588025e-08,0.00015058282588142902,0.002427472034469247,0.003181788371875882,0.4166124761104584,0.08304498269896193,0.0014091495568184552
womersley_noleak,2026,val,wm_024_R10p1_L185p5_a06p9,23120,15360,71.57366943359375,69.66476440429688,103.9073257446289,-0.7315005836488998,-0.6444386806601863,1.14351224899292,1.772558569908142,1.3267266751881834e-07,9.898738426272757e-06,0.026563726365566254,0.044096339493989944,0.02503103017807007,0.08304498269896193,0.0008441820468176974
womersley_noleak,2026,val,wm_025_R14p6_L277p4_a02p2,23120,15440,33.39192581176758,47.055694580078125,114.64936828613281,-0.5727025401017038,-0.23826533770916003,2.9756250381469727,5.705984115600586,2.3000889370905497e-07,8.28403699415503e-06,0.11472822725772858,0.168538436293602,0.013274571858346462,0.08304498269896193,0.0012196515386521786
womersley_noleak,2026,val,wm_026_R16p1_L173p1_a06p4,23120,15760,136.68951416015625,129.8692626953125,149.02349853515625,0.9916909978340376,-0.5214151733556691,1.2981810569763184,3.7483789920806885,8.518423300074573e-08,0.00022386923956219107,0.06846723705530167,0.09672906994819641,0.02883230336010456,0.08304498269896193,0.001345495901610493
womersley_noleak,2026,val,wm_027_R13p9_L115p3_a03p2,23120,16720,86.1668701171875,91.09097290039062,124.10970306396484,-0.1273303962968586,0.1314065225298723,0.33784180879592896,0.5474900007247925,2.1341776346162078e-08,0.00012785485887434334,0.021642331033945084,0.027945607900619507,0.07105105370283127,0.08304498269896193,0.001161322786018001
womersley_noleak,777,test,wm_028_R16p9_L170p9_a11p3,23120,15440,10.235496520996094,11.501983642578125,17.693496704101562,-0.870787730135219,0.48480876954027635,3.5477590560913086,4.771420955657959,4.395505470711214e-08,0.0003816459502559155,0.07318264245986938,0.08655235916376114,0.01597409136593342,0.08304498269896193,0.0014065658923776761
womersley_noleak,777,test,wm_029_R15p7_L140p1_a07p1,23120,15440,77.36725616455078,78.75553894042969,88.84616088867188,0.5854719285679201,0.9348009900872235,1.8002203702926636,2.560764789581299,3.189930453117995e-08,0.00012145018990850076,0.0961511880159378,0.09973796457052231,0.01206557359546423,0.08304498269896193,0.0013109133537489777
womersley_noleak,777,test,wm_030_R16p8_L186p3_a07p9,23120,15360,20.598194122314453,21.270963668823242,25.979923248291016,-0.8483353427249883,0.9381772224576984,2.536987781524658,3.9100255966186523,2.5005443049508358e-08,0.00015086580242495984,0.11951591074466705,0.12174005806446075,0.009621471166610718,0.08304498269896193,0.0014039708374346536
womersley_noleak,777,test,wm_031_R09p4_L239p5_a10p9,23120,15440,110.43122100830078,111.1498031616211,119.90621185302734,-0.8717912970903053,-0.4868947503376825,0.9127135276794434,0.9984704852104187,7.680373670382323e-09,2.7680941983021512e-08,0.007794938050210476,0.011181450448930264,0.03740987554192543,0.08304498269896193,0.0007827705821687758
womersley_noleak,777,test,wm_032_R12p2_L282p2_a06p3,23120,16720,47.766387939453125,69.87332916259766,129.75274658203125,-0.8293937380561539,0.9260778144655017,1.6463851928710938,7.309420108795166,1.9124048833418783e-07,8.080358497863926e-07,0.05352357402443886,0.05792912468314171,0.017801418900489807,0.08304498269896193,0.0010199205610202091
womersley_noleak,777,test,wm_033_R16p9_L167p1_a02p1,23120,15440,135.8661346435547,135.49237060546875,140.3577423095703,0.9916445814563004,-0.7480860358051162,0.12040097266435623,0.19910989701747894,3.0644216053588025e-08,0.00015058282588142902,0.00198235921561718,0.00218067760579288,0.4166124761104584,0.08304498269896193,0.0014091495568184552
womersley_noleak,777,val,wm_024_R10p1_L185p5_a06p9,23120,15360,72.694091796875,73.33975982666016,80.23574829101562,-0.7315005836488998,-0.7967000882984578,1.7040960788726807,2.8088204860687256,1.3267266751881834e-07,9.898738426272757e-06,0.01899358630180359,0.04014705866575241,0.02503103017807007,0.08304498269896193,0.0008441820468176974
womersley_noleak,777,val,wm_025_R14p6_L277p4_a02p2,23120,15440,24.3597412109375,37.269901275634766,143.6248321533203,-0.5727025401017038,0.9214167929242123,1.8363397121429443,7.692176342010498,2.3000889370905497e-07,8.28403699415503e-06,0.07054699957370758,0.07014525681734085,0.013274571858346462,0.08304498269896193,0.0012196515386521786
womersley_noleak,777,val,wm_026_R16p1_L173p1_a06p4,23120,15760,172.75743103027344,154.34954833984375,175.04513549804688,0.9916909978340376,0.9798748833408614,1.0406876802444458,1.3917341232299805,8.518423300074573e-08,0.00022386923956219107,0.01640397496521473,0.02268226444721222,0.02883230336010456,0.08304498269896193,0.001345495901610493
womersley_noleak,777,val,wm_027_R13p9_L115p3_a03p2,23120,16720,72.05583953857422,72.40238189697266,75.78324890136719,-0.1273303962968586,0.464209477841268,0.2769398093223572,0.37872186303138733,2.1341776346162078e-08,0.00012785485887434334,0.015030471608042717,0.0168361347168684,0.07105105370283127,0.08304498269896193,0.001161322786018001
womersley_withleak,1337,test,wm_028_R16p9_L170p9_a11p3,23120,15440,12.063623428344727,13.195974349975586,22.75159454345703,-0.870787730135219,0.7141935150712246,4.366100311279297,5.13494348526001,4.395505470711214e-08,0.0003816459502559155,0.07194076478481293,0.0877096951007843,0.01597409136593342,0.08304498269896193,0.0014065658923776761
womersley_withleak,1337,test,wm_029_R15p7_L140p1_a07p1,23120,15440,16.913692474365234,17.474199295043945,24.436861038208008,0.5854719285679201,0.18615950109778912,3.1180875301361084,4.246613502502441,3.189930453117995e-08,0.00012145018990850076,0.12209054827690125,0.14104187488555908,0.01206557359546423,0.08304498269896193,0.0013109133537489777
womersley_withleak,1337,test,wm_030_R16p8_L186p3_a07p9,23120,15360,15.999412536621094,15.511401176452637,19.437414169311523,-0.8483353427249883,0.9261687754219511,4.758961200714111,7.569897174835205,2.5005443049508358e-08,0.00015086580242495984,0.1295371949672699,0.13980397582054138,0.009621471166610718,0.08304498269896193,0.0014039708374346536
womersley_withleak,1337,test,wm_031_R09p4_L239p5_a10p9,23120,15440,25.717222213745117,24.544736862182617,32.30220413208008,-0.8717912970903053,-0.27699628996524145,1.3128432035446167,1.4202719926834106,7.680373670382323e-09,2.7680941983021512e-08,0.018317431211471558,0.02303905226290226,0.03740987554192543,0.08304498269896193,0.0007827705821687758
womersley_withleak,1337,test,wm_032_R12p2_L282p2_a06p3,23120,16720,14.925707817077637,21.669767379760742,38.114715576171875,-0.8293937380561539,0.38244807484988325,3.388124465942383,7.102417945861816,1.9124048833418783e-07,8.080358497863926e-07,0.13383319973945618,0.17886188626289368,0.017801418900489807,0.08304498269896193,0.0010199205610202091
womersley_withleak,1337,test,wm_033_R16p9_L167p1_a02p1,23120,15440,6.20421838760376,6.4912848472595215,10.742561340332031,0.9916445814563004,0.9387232575228975,0.12757202982902527,0.16356053948402405,3.0644216053588025e-08,0.00015058282588142902,0.0029808832332491875,0.003338684793561697,0.4166124761104584,0.08304498269896193,0.0014091495568184552
womersley_withleak,1337,val,wm_024_R10p1_L185p5_a06p9,23120,15360,34.573516845703125,35.170230865478516,43.756370544433594,-0.7315005836488998,0.6435492233649668,1.896406650543213,4.251162052154541,1.3267266751881834e-07,9.898738426272757e-06,0.05394242703914642,0.06433825194835663,0.02503103017807007,0.08304498269896193,0.0008441820468176974
womersley_withleak,1337,val,wm_025_R14p6_L277p4_a02p2,23120,15440,7.981286525726318,10.155680656433105,16.582489013671875,-0.5727025401017038,0.687117969116016,2.952085494995117,7.6610589027404785,2.3000889370905497e-07,8.28403699415503e-06,0.10161985456943512,0.14711563289165497,0.013274571858346462,0.08304498269896193,0.0012196515386521786
womersley_withleak,1337,val,wm_026_R16p1_L173p1_a06p4,23120,15760,6.883360385894775,9.353771209716797,19.714420318603516,0.9916909978340376,-0.2628326673254121,1.1852738857269287,3.483335018157959,8.518423300074573e-08,0.00022386923956219107,0.023606501519680023,0.052627719938755035,0.02883230336010456,0.08304498269896193,0.001345495901610493
womersley_withleak,1337,val,wm_027_R13p9_L115p3_a03p2,23120,16720,14.929924011230469,15.383110046386719,17.929317474365234,-0.1273303962968586,0.5543433325546827,0.8267188668251038,0.8943333625793457,2.1341776346162078e-08,0.00012785485887434334,0.011278204619884491,0.01534727681428194,0.07105105370283127,0.08304498269896193,0.001161322786018001
womersley_withleak,2026,test,wm_028_R16p9_L170p9_a11p3,23120,15440,16.371353149414062,16.638202667236328,23.22624969482422,-0.870787730135219,0.742948738562334,5.121919631958008,6.1979193687438965,4.395505470711214e-08,0.0003816459502559155,0.08605092763900757,0.10147709399461746,0.01597409136593342,0.08304498269896193,0.0014065658923776761
womersley_withleak,2026,test,wm_029_R15p7_L140p1_a07p1,23120,15440,19.677305221557617,19.573467254638672,25.92346954345703,0.5854719285679201,0.5070714988902227,3.858067512512207,4.697834014892578,3.189930453117995e-08,0.00012145018990850076,0.10334119200706482,0.11414366960525513,0.01206557359546423,0.08304498269896193,0.0013109133537489777
womersley_withleak,2026,test,wm_030_R16p8_L186p3_a07p9,23120,15360,12.37952709197998,13.077335357666016,18.555068969726562,-0.8483353427249883,0.9582450785134609,4.719754219055176,8.070334434509277,2.5005443049508358e-08,0.00015086580242495984,0.15433140099048615,0.17393241822719574,0.009621471166610718,0.08304498269896193,0.0014039708374346536
womersley_withleak,2026,test,wm_031_R09p4_L239p5_a10p9,23120,15440,23.202335357666016,22.96428871154785,26.347492218017578,-0.8717912970903053,0.3724168120066169,1.4803197383880615,1.5123614072799683,7.680373670382323e-09,2.7680941983021512e-08,0.015278827399015427,0.017437012866139412,0.03740987554192543,0.08304498269896193,0.0007827705821687758
womersley_withleak,2026,test,wm_032_R12p2_L282p2_a06p3,23120,16720,38.20643615722656,42.50647735595703,77.63442993164062,-0.8293937380561539,-0.34272246002261747,2.8170270919799805,4.748744487762451,1.9124048833418783e-07,8.080358497863926e-07,0.11414891481399536,0.11950993537902832,0.017801418900489807,0.08304498269896193,0.0010199205610202091
womersley_withleak,2026,test,wm_033_R16p9_L167p1_a02p1,23120,15440,12.010114669799805,13.252469062805176,22.844985961914062,0.9916445814563004,0.6757496102316343,0.13414908945560455,0.16460132598876953,3.0644216053588025e-08,0.00015058282588142902,0.0034943846985697746,0.003435321617871523,0.4166124761104584,0.08304498269896193,0.0014091495568184552
womersley_withleak,2026,val,wm_024_R10p1_L185p5_a06p9,23120,15360,33.115455627441406,32.37242126464844,36.0090217590332,-0.7315005836488998,0.914671897269446,2.302384853363037,5.242283344268799,1.3267266751881834e-07,9.898738426272757e-06,0.0593155100941658,0.05952248349785805,0.02503103017807007,0.08304498269896193,0.0008441820468176974
womersley_withleak,2026,val,wm_025_R14p6_L277p4_a02p2,23120,15440,16.86713409423828,22.90743637084961,53.29581069946289,-0.5727025401017038,0.43930436199144673,2.876223564147949,7.194518566131592,2.3000889370905497e-07,8.28403699415503e-06,0.13540342450141907,0.1468525379896164,0.013274571858346462,0.08304498269896193,0.0012196515386521786
womersley_withleak,2026,val,wm_026_R16p1_L173p1_a06p4,23120,15760,12.825044631958008,19.352121353149414,51.28583908081055,0.9916909978340376,0.5933358930269209,1.0476435422897339,2.0794894695281982,8.518423300074573e-08,0.00022386923956219107,0.05530798062682152,0.09304660558700562,0.02883230336010456,0.08304498269896193,0.001345495901610493
womersley_withleak,2026,val,wm_027_R13p9_L115p3_a03p2,23120,16720,11.982707977294922,12.138343811035156,20.30399513244629,-0.1273303962968586,0.5111903147778318,0.8743902444839478,0.9841170310974121,2.1341776346162078e-08,0.00012785485887434334,0.02073463797569275,0.02268880605697632,0.07105105370283127,0.08304498269896193,0.001161322786018001
womersley_withleak,777,test,wm_028_R16p9_L170p9_a11p3,23120,15440,11.948025703430176,12.97476863861084,20.968217849731445,-0.870787730135219,0.6661576414760648,4.911160469055176,6.027048110961914,4.395505470711214e-08,0.0003816459502559155,0.07542853057384491,0.10095782577991486,0.01597409136593342,0.08304498269896193,0.0014065658923776761
womersley_withleak,777,test,wm_029_R15p7_L140p1_a07p1,23120,15440,13.159229278564453,14.514212608337402,21.867202758789062,0.5854719285679201,0.7717463929570362,3.0648484230041504,3.891284704208374,3.189930453117995e-08,0.00012145018990850076,0.10023608803749084,0.11853465437889099,0.01206557359546423,0.08304498269896193,0.0013109133537489777
womersley_withleak,777,test,wm_030_R16p8_L186p3_a07p9,23120,15360,17.408443450927734,18.69156265258789,27.870119094848633,-0.8483353427249883,0.9064532714925757,4.977168083190918,6.570348739624023,2.5005443049508358e-08,0.00015086580242495984,0.19534704089164734,0.2458391934633255,0.009621471166610718,0.08304498269896193,0.0014039708374346536
womersley_withleak,777,test,wm_031_R09p4_L239p5_a10p9,23120,15440,12.854842185974121,13.39232063293457,19.480981826782227,-0.8717912970903053,0.26251943033068836,1.1923938989639282,1.4644007682800293,7.680373670382323e-09,2.7680941983021512e-08,0.013725588098168373,0.016111737117171288,0.03740987554192543,0.08304498269896193,0.0007827705821687758
womersley_withleak,777,test,wm_032_R12p2_L282p2_a06p3,23120,16720,14.398954391479492,23.419132232666016,51.510948181152344,-0.8293937380561539,0.4770613321314422,2.865546226501465,7.616824626922607,1.9124048833418783e-07,8.080358497863926e-07,0.08962182700634003,0.1336621195077896,0.017801418900489807,0.08304498269896193,0.0010199205610202091
womersley_withleak,777,test,wm_033_R16p9_L167p1_a02p1,23120,15440,26.097436904907227,26.22657012939453,29.78426742553711,0.9916445814563004,-0.22377460035808286,0.12828734517097473,0.20725592970848083,3.0644216053588025e-08,0.00015058282588142902,0.0035772761330008507,0.0037929583340883255,0.4166124761104584,0.08304498269896193,0.0014091495568184552
womersley_withleak,777,val,wm_024_R10p1_L185p5_a06p9,23120,15360,17.284271240234375,17.762908935546875,25.62822151184082,-0.7315005836488998,0.6095131833579788,2.489269256591797,5.397314071655273,1.3267266751881834e-07,9.898738426272757e-06,0.04273691028356552,0.048532549291849136,0.02503103017807007,0.08304498269896193,0.0008441820468176974
womersley_withleak,777,val,wm_025_R14p6_L277p4_a02p2,23120,15440,16.110946655273438,18.596899032592773,35.38602066040039,-0.5727025401017038,0.5611510985589397,3.1443517208099365,7.879908084869385,2.3000889370905497e-07,8.28403699415503e-06,0.21644827723503113,0.23250962793827057,0.013274571858346462,0.08304498269896193,0.0012196515386521786
womersley_withleak,777,val,wm_026_R16p1_L173p1_a06p4,23120,15760,5.562852382659912,19.053747177124023,70.66131591796875,0.9916909978340376,0.22483967510779274,1.4311660528182983,2.154831886291504,8.518423300074573e-08,0.00022386923956219107,0.0314226895570755,0.07828503847122192,0.02883230336010456,0.08304498269896193,0.001345495901610493
womersley_withleak,777,val,wm_027_R13p9_L115p3_a03p2,23120,16720,8.937284469604492,9.31386661529541,12.189592361450195,-0.1273303962968586,-0.677329559720764,0.8625233173370361,0.9859901666641235,2.1341776346162078e-08,0.00012785485887434334,0.004827323369681835,0.011463469825685024,0.07105105370283127,0.08304498269896193,0.001161322786018001
